_id,datetime,measurement.date,measurement.mass,measurement.name,measurement.remark,measurement.time,measurement.volume,modifeod,name
"""616a02d191410000da0056f3""",16.10.2021 00:38:09,"[""2021-10-16""]",[29.584514617919922],"[""Mitte-Rechts""]","[""""]","[""00:38:04""]",[9.861504554748535],16.10.2021 00:38:09,DeutscheBarytIndustrieOwlEye
"""616a02dd91410000da00570b""",16.10.2021 00:38:20,"[""2021-10-16""]",[57.56299591064453],"[""Mitte-Rechts""]","[""""]","[""00:38:12""]",[19.187665939331055],16.10.2021 00:38:20,DeutscheBarytIndustrieOwlEye
"""616a02e991410000da00572d""",16.10.2021 00:38:33,"[""2021-10-16""]",[90.1127700805664],"[""Mitte-Rechts""]","[""""]","[""00:38:23""]",[30.03759002685547],16.10.2021 00:38:33,DeutscheBarytIndustrieOwlEye
"""616a042c28620000b400193b""",16.10.2021 00:43:55,"[""2021-10-16""]",[0.2506071627140045],"[""Mitte-Rechts""]","[""""]","[""00:43:49""]",[0.08353572338819504],16.10.2021 00:43:55,DeutscheBarytIndustrieOwlEye
"""616a043828620000b400195b""",16.10.2021 00:44:07,"[""2021-10-16""]",[0.9452164769172668],"[""Mitte-Rechts""]","[""""]","[""00:44:00""]",[0.3150721490383148],16.10.2021 00:44:07,DeutscheBarytIndustrieOwlEye
"""616a044428620000b400197d""",16.10.2021 00:44:19,"[""2021-10-16""]",[0.0725129246711731],"[""Mitte-Rechts""]","[""""]","[""00:44:10""]",[0.024170976132154465],16.10.2021 00:44:19,DeutscheBarytIndustrieOwlEye
"""616a045a28620000b40019a1""",16.10.2021 00:44:42,"[""2021-10-16""]",[-0.4564996659755707],"[""Mitte-Rechts""]","[""""]","[""00:44:28""]",[-0.15216656029224396],16.10.2021 00:44:42,DeutscheBarytIndustrieOwlEye
"""616a04922a4d00005200349d""",16.10.2021 00:45:37,"[""2021-10-16""]",[3.3647589683532715],"[""Mitte-Rechts""]","[""""]","[""00:45:15""]",[1.1215863227844238],16.10.2021 00:45:37,DeutscheBarytIndustrieOwlEye
"""616a05064104000051002563""",16.10.2021 00:47:33,"[""2021-10-16""]",[2.467564344406128],"[""Mitte-Rechts""]","[""""]","[""00:46:58""]",[0.822521448135376],16.10.2021 00:47:33,DeutscheBarytIndustrieOwlEye
"""616a05794104000051002593""",16.10.2021 00:49:28,"[""2021-10-16""]",[3.370934247970581],"[""Mitte-Rechts""]","[""""]","[""00:48:51""]",[1.1236448287963867],16.10.2021 00:49:28,DeutscheBarytIndustrieOwlEye
"""616a05bc41040000510025c3""",16.10.2021 00:50:36,"[""2021-10-16""]",[2.805704116821289],"[""Mitte-Rechts""]","[""""]","[""00:49:59""]",[0.9352347254753113],16.10.2021 00:50:36,DeutscheBarytIndustrieOwlEye
"""616a062f41040000510025f3""",16.10.2021 00:52:31,"[""2021-10-16""]",[0.06264543533325195],"[""Mitte-Rechts""]","[""""]","[""00:51:56""]",[0.020881813019514084],16.10.2021 00:52:31,DeutscheBarytIndustrieOwlEye
"""616a06a94104000051002623""",16.10.2021 00:54:33,"[""2021-10-16""]",[3.2677767276763916],"[""Mitte-Rechts""]","[""""]","[""00:53:56""]",[1.0892589092254639],16.10.2021 00:54:33,DeutscheBarytIndustrieOwlEye
"""616a07244104000051002653""",16.10.2021 00:56:36,"[""2021-10-16""]",[3.8911497592926025],"[""Mitte-Rechts""]","[""""]","[""00:55:56""]",[1.297049880027771],16.10.2021 00:56:36,DeutscheBarytIndustrieOwlEye
"""616a079b4104000051002683""",16.10.2021 00:58:34,"[""2021-10-16""]",[2.6858417987823486],"[""Mitte-Rechts""]","[""""]","[""00:57:56""]",[0.8952805995941162],16.10.2021 00:58:34,DeutscheBarytIndustrieOwlEye
"""616a080f41040000510026b3""",16.10.2021 01:00:30,"[""2021-10-16""]",[2.510845184326172],"[""Mitte-Rechts""]","[""""]","[""00:59:56""]",[0.8369483947753906],16.10.2021 01:00:30,DeutscheBarytIndustrieOwlEye
"""616a088c41040000510026e3""",16.10.2021 01:02:36,"[""2021-10-16""]",[2.596269130706787],"[""Mitte-Rechts""]","[""""]","[""01:01:56""]",[0.8654230237007141],16.10.2021 01:02:36,DeutscheBarytIndustrieOwlEye
"""616a08ff4104000051002713""",16.10.2021 01:04:30,"[""2021-10-16""]",[3.566054344177246],"[""Mitte-Rechts""]","[""""]","[""01:03:56""]",[1.1886848211288452],16.10.2021 01:04:30,DeutscheBarytIndustrieOwlEye
"""616a09774104000051002743""",16.10.2021 01:06:31,"[""2021-10-16""]",[2.5242631435394287],"[""Mitte-Rechts""]","[""""]","[""01:05:56""]",[0.8414210677146912],16.10.2021 01:06:31,DeutscheBarytIndustrieOwlEye
"""616a09ef4104000051002773""",16.10.2021 01:08:30,"[""2021-10-16""]",[3.488884449005127],"[""Mitte-Rechts""]","[""""]","[""01:07:56""]",[1.162961483001709],16.10.2021 01:08:30,DeutscheBarytIndustrieOwlEye
"""616a193b3b53000068003b83""",16.10.2021 02:13:47,"[""2021-10-16""]",[2.708742618560791],"[""Mitte-Rechts""]","[""""]","[""02:13:11""]",[0.9029141664505005],16.10.2021 02:13:47,DeutscheBarytIndustrieOwlEye
"""616a19b83b53000068003bb3""",16.10.2021 02:15:51,"[""2021-10-16""]",[3.1370813846588135],"[""Mitte-Rechts""]","[""""]","[""02:15:17""]",[1.0456937551498413],16.10.2021 02:15:51,DeutscheBarytIndustrieOwlEye
"""616a1a303b53000068003be3""",16.10.2021 02:17:52,"[""2021-10-16""]",[3.3879644870758057],"[""Mitte-Rechts""]","[""""]","[""02:17:17""]",[1.1293214559555054],16.10.2021 02:17:52,DeutscheBarytIndustrieOwlEye
"""616a1aac3b53000068003c13""",16.10.2021 02:19:56,"[""2021-10-16""]",[3.591693639755249],"[""Mitte-Rechts""]","[""""]","[""02:19:17""]",[1.1972311735153198],16.10.2021 02:19:56,DeutscheBarytIndustrieOwlEye
"""616a1b223b53000068003c43""",16.10.2021 02:21:54,"[""2021-10-16""]",[3.327768325805664],"[""Mitte-Rechts""]","[""""]","[""02:21:17""]",[1.1092561483383179],16.10.2021 02:21:54,DeutscheBarytIndustrieOwlEye
"""616a1b9a3b53000068003c73""",16.10.2021 02:23:53,"[""2021-10-16""]",[3.1765248775482178],"[""Mitte-Rechts""]","[""""]","[""02:23:17""]",[1.058841586112976],16.10.2021 02:23:53,DeutscheBarytIndustrieOwlEye
"""616a1c153b53000068003ca3""",16.10.2021 02:25:57,"[""2021-10-16""]",[0.2772412598133087],"[""Mitte-Rechts""]","[""""]","[""02:25:17""]",[0.0924137532711029],16.10.2021 02:25:57,DeutscheBarytIndustrieOwlEye
"""616a1c8d3b53000068003cd3""",16.10.2021 02:27:57,"[""2021-10-16""]",[3.0592238903045654],"[""Mitte-Rechts""]","[""""]","[""02:27:17""]",[1.0197412967681885],16.10.2021 02:27:57,DeutscheBarytIndustrieOwlEye
"""616a1d013b53000068003d03""",16.10.2021 02:29:52,"[""2021-10-16""]",[3.4463047981262207],"[""Mitte-Rechts""]","[""""]","[""02:29:17""]",[1.1487683057785034],16.10.2021 02:29:52,DeutscheBarytIndustrieOwlEye
"""616a1d773b53000068003d33""",16.10.2021 02:31:51,"[""2021-10-16""]",[0.21663610637187958],"[""Mitte-Rechts""]","[""""]","[""02:31:17""]",[0.07221203297376633],16.10.2021 02:31:51,DeutscheBarytIndustrieOwlEye
"""616a1def3b53000068003d63""",16.10.2021 02:33:51,"[""2021-10-16""]",[2.8106071949005127],"[""Mitte-Rechts""]","[""""]","[""02:33:17""]",[0.9368690252304077],16.10.2021 02:33:51,DeutscheBarytIndustrieOwlEye
"""616a1e673b53000068003d93""",16.10.2021 02:35:51,"[""2021-10-16""]",[2.7097437381744385],"[""Mitte-Rechts""]","[""""]","[""02:35:17""]",[0.9032479524612427],16.10.2021 02:35:51,DeutscheBarytIndustrieOwlEye
"""616a1edf3b53000068003dc3""",16.10.2021 02:37:51,"[""2021-10-16""]",[3.2182137966156006],"[""Mitte-Rechts""]","[""""]","[""02:37:17""]",[1.0727379322052002],16.10.2021 02:37:51,DeutscheBarytIndustrieOwlEye
"""616a1f573b53000068003df3""",16.10.2021 02:39:51,"[""2021-10-16""]",[3.9702816009521484],"[""Mitte-Rechts""]","[""""]","[""02:39:17""]",[1.3234272003173828],16.10.2021 02:39:51,DeutscheBarytIndustrieOwlEye
"""616a1fd03b53000068003e23""",16.10.2021 02:41:51,"[""2021-10-16""]",[3.1301684379577637],"[""Mitte-Rechts""]","[""""]","[""02:41:17""]",[1.0433894395828247],16.10.2021 02:41:51,DeutscheBarytIndustrieOwlEye
"""616a5d5a6c2600003f000f95""",16.10.2021 07:04:26,"[""2021-10-16""]",[0.19358354806900024],"[""Mitte-Rechts""]","[""""]","[""07:03:59""]",[0.06452784687280655],16.10.2021 07:04:26,DeutscheBarytIndustrieOwlEye
"""616a6a576c2600003f000fc5""",16.10.2021 07:59:51,"[""2021-10-16""]",[3.403258800506592],"[""Mitte-Rechts""]","[""""]","[""07:59:23""]",[1.134419560432434],16.10.2021 07:59:51,DeutscheBarytIndustrieOwlEye
"""616a6bf96c2600003f000ff5""",16.10.2021 08:06:48,"[""2021-10-16""]",[0.20780767500400543],"[""Mitte-Rechts""]","[""""]","[""08:06:21""]",[0.06926922500133514],16.10.2021 08:06:48,DeutscheBarytIndustrieOwlEye
"""616a6d9e6c2600003f001025""",16.10.2021 08:13:50,"[""2021-10-16""]",[2.864692211151123],"[""Mitte-Rechts""]","[""""]","[""08:13:21""]",[0.954897403717041],16.10.2021 08:13:50,DeutscheBarytIndustrieOwlEye
"""616a6f406c2600003f001055""",16.10.2021 08:20:48,"[""2021-10-16""]",[2.888080358505249],"[""Mitte-Rechts""]","[""""]","[""08:20:21""]",[0.9626935124397278],16.10.2021 08:20:48,DeutscheBarytIndustrieOwlEye
"""616a70e46c2600003f001085""",16.10.2021 08:27:48,"[""2021-10-16""]",[3.138641834259033],"[""Mitte-Rechts""]","[""""]","[""08:27:21""]",[1.0462138652801514],16.10.2021 08:27:48,DeutscheBarytIndustrieOwlEye
"""616a72896c2600003f0010b5""",16.10.2021 08:34:48,"[""2021-10-16""]",[3.0076820850372314],"[""Mitte-Rechts""]","[""""]","[""08:34:21""]",[1.0025607347488403],16.10.2021 08:34:48,DeutscheBarytIndustrieOwlEye
"""616a742e6c2600003f0010e7""",16.10.2021 08:41:50,"[""2021-10-16""]",[3.6571476459503174],"[""Mitte-Rechts""]","[""""]","[""08:41:21""]",[1.2190492153167725],16.10.2021 08:41:50,DeutscheBarytIndustrieOwlEye
"""616a75d06c2600003f001117""",16.10.2021 08:48:48,"[""2021-10-16""]",[2.9373700618743896],"[""Mitte-Rechts""]","[""""]","[""08:48:21""]",[0.9791233539581299],16.10.2021 08:48:48,DeutscheBarytIndustrieOwlEye
"""616a77746c2600003f001147""",16.10.2021 08:55:48,"[""2021-10-16""]",[2.635192394256592],"[""Mitte-Rechts""]","[""""]","[""08:55:21""]",[0.8783974647521973],16.10.2021 08:55:48,DeutscheBarytIndustrieOwlEye
"""616a79196c2600003f001177""",16.10.2021 09:02:48,"[""2021-10-16""]",[3.1641225814819336],"[""Mitte-Rechts""]","[""""]","[""09:02:21""]",[1.0547075271606445],16.10.2021 09:02:48,DeutscheBarytIndustrieOwlEye
"""616a7abc6c2600003f0011a7""",16.10.2021 09:09:48,"[""2021-10-16""]",[3.0927085876464844],"[""Mitte-Rechts""]","[""""]","[""09:09:21""]",[1.0309028625488281],16.10.2021 09:09:48,DeutscheBarytIndustrieOwlEye
"""616a7c616c2600003f0011d7""",16.10.2021 09:16:49,"[""2021-10-16""]",[3.9894819259643555],"[""Mitte-Rechts""]","[""""]","[""09:16:21""]",[1.3298273086547852],16.10.2021 09:16:49,DeutscheBarytIndustrieOwlEye
"""616a7e056c2600003f001207""",16.10.2021 09:23:48,"[""2021-10-16""]",[2.8920273780822754],"[""Mitte-Rechts""]","[""""]","[""09:23:21""]",[0.9640091061592102],16.10.2021 09:23:48,DeutscheBarytIndustrieOwlEye
"""616a7fa86c2600003f001237""",16.10.2021 09:30:48,"[""2021-10-16""]",[3.211890697479248],"[""Mitte-Rechts""]","[""""]","[""09:30:21""]",[1.0706303119659424],16.10.2021 09:30:48,DeutscheBarytIndustrieOwlEye
"""616a814c6c2600003f001267""",16.10.2021 09:37:48,"[""2021-10-16""]",[3.2730395793914795],"[""Mitte-Rechts""]","[""""]","[""09:37:21""]",[1.0910131931304932],16.10.2021 09:37:48,DeutscheBarytIndustrieOwlEye
"""616a82f06c2600003f001297""",16.10.2021 09:44:48,"[""2021-10-16""]",[4.347991943359375],"[""Mitte-Rechts""]","[""""]","[""09:44:21""]",[1.4493305683135986],16.10.2021 09:44:48,DeutscheBarytIndustrieOwlEye
"""616a84956c2600003f0012c7""",16.10.2021 09:51:48,"[""2021-10-16""]",[3.645425319671631],"[""Mitte-Rechts""]","[""""]","[""09:51:21""]",[1.215141773223877],16.10.2021 09:51:48,DeutscheBarytIndustrieOwlEye
"""616a86396c2600003f0012f7""",16.10.2021 09:58:49,"[""2021-10-16""]",[3.9354662895202637],"[""Mitte-Rechts""]","[""""]","[""09:58:21""]",[1.3118221759796143],16.10.2021 09:58:49,DeutscheBarytIndustrieOwlEye
"""616a87dd6c2600003f001327""",16.10.2021 10:05:48,"[""2021-10-16""]",[3.8089001178741455],"[""Mitte-Rechts""]","[""""]","[""10:05:21""]",[1.2696332931518555],16.10.2021 10:05:48,DeutscheBarytIndustrieOwlEye
"""616a89816c2600003f001357""",16.10.2021 10:12:48,"[""2021-10-16""]",[3.809001922607422],"[""Mitte-Rechts""]","[""""]","[""10:12:21""]",[1.2696672677993774],16.10.2021 10:12:48,DeutscheBarytIndustrieOwlEye
"""616a8b246c2600003f001387""",16.10.2021 10:19:48,"[""2021-10-16""]",[4.2652997970581055],"[""Mitte-Rechts""]","[""""]","[""10:19:21""]",[1.4217666387557983],16.10.2021 10:19:48,DeutscheBarytIndustrieOwlEye
"""616a8cc86c2600003f0013b7""",16.10.2021 10:26:48,"[""2021-10-16""]",[3.9136698246002197],"[""Mitte-Rechts""]","[""""]","[""10:26:21""]",[1.3045566082000732],16.10.2021 10:26:48,DeutscheBarytIndustrieOwlEye
"""616a8e6b6c2600003f0013e7""",16.10.2021 10:33:47,"[""2021-10-16""]",[3.9102652072906494],"[""Mitte-Rechts""]","[""""]","[""10:33:21""]",[1.3034217357635498],16.10.2021 10:33:47,DeutscheBarytIndustrieOwlEye
"""616a90106c2600003f001417""",16.10.2021 10:40:48,"[""2021-10-16""]",[4.046111106872559],"[""Mitte-Rechts""]","[""""]","[""10:40:21""]",[1.3487036228179932],16.10.2021 10:40:48,DeutscheBarytIndustrieOwlEye
"""616a91b46c2600003f001447""",16.10.2021 10:47:48,"[""2021-10-16""]",[4.59620475769043],"[""Mitte-Rechts""]","[""""]","[""10:47:21""]",[1.5320683717727661],16.10.2021 10:47:48,DeutscheBarytIndustrieOwlEye
"""616a93596c2600003f001477""",16.10.2021 10:54:48,"[""2021-10-16""]",[4.73966646194458],"[""Mitte-Rechts""]","[""""]","[""10:54:21""]",[1.5798888206481934],16.10.2021 10:54:48,DeutscheBarytIndustrieOwlEye
"""616a93c06c2600003f0014a7""",16.10.2021 10:56:31,"[""2021-10-16""]",[4.451106548309326],"[""Mitte-Rechts""]","[""""]","[""10:56:04""]",[1.483702301979065],16.10.2021 10:56:31,DeutscheBarytIndustrieOwlEye
"""616a94fc6c2600003f0014d7""",16.10.2021 11:01:48,"[""2021-10-16""]",[4.516788959503174],"[""Mitte-Rechts""]","[""""]","[""11:01:21""]",[1.5055962800979614],16.10.2021 11:01:48,DeutscheBarytIndustrieOwlEye
"""616a96a06c2600003f001507""",16.10.2021 11:08:48,"[""2021-10-16""]",[5.751895904541016],"[""Mitte-Rechts""]","[""""]","[""11:08:21""]",[1.917298674583435],16.10.2021 11:08:48,DeutscheBarytIndustrieOwlEye
"""616a98446c2600003f001537""",16.10.2021 11:15:48,"[""2021-10-16""]",[3.675541400909424],"[""Mitte-Rechts""]","[""""]","[""11:15:21""]",[1.2251805067062378],16.10.2021 11:15:48,DeutscheBarytIndustrieOwlEye
"""616a99e86c2600003f001567""",16.10.2021 11:22:48,"[""2021-10-16""]",[4.279893398284912],"[""Mitte-Rechts""]","[""""]","[""11:22:21""]",[1.4266310930252075],16.10.2021 11:22:48,DeutscheBarytIndustrieOwlEye
"""616a9b8c6c2600003f001597""",16.10.2021 11:29:48,"[""2021-10-16""]",[4.472487926483154],"[""Mitte-Rechts""]","[""""]","[""11:29:21""]",[1.4908292293548584],16.10.2021 11:29:48,DeutscheBarytIndustrieOwlEye
"""616a9d306c2600003f0015c7""",16.10.2021 11:36:48,"[""2021-10-16""]",[4.574421405792236],"[""Mitte-Rechts""]","[""""]","[""11:36:21""]",[1.524807095527649],16.10.2021 11:36:48,DeutscheBarytIndustrieOwlEye
"""616a9ed46c2600003f0015f7""",16.10.2021 11:43:48,"[""2021-10-16""]",[3.6676037311553955],"[""Mitte-Rechts""]","[""""]","[""11:43:21""]",[1.2225345373153687],16.10.2021 11:43:48,DeutscheBarytIndustrieOwlEye
"""616aa0786c2600003f001627""",16.10.2021 11:50:48,"[""2021-10-16""]",[5.076760768890381],"[""Mitte-Rechts""]","[""""]","[""11:50:21""]",[1.692253589630127],16.10.2021 11:50:48,DeutscheBarytIndustrieOwlEye
"""616aa21d6c2600003f001657""",16.10.2021 11:57:48,"[""2021-10-16""]",[4.643101215362549],"[""Mitte-Rechts""]","[""""]","[""11:57:21""]",[1.5477004051208496],16.10.2021 11:57:48,DeutscheBarytIndustrieOwlEye
"""616aa3c06c2600003f001687""",16.10.2021 12:04:48,"[""2021-10-16""]",[4.715503692626953],"[""Mitte-Rechts""]","[""""]","[""12:04:21""]",[1.571834683418274],16.10.2021 12:04:48,DeutscheBarytIndustrieOwlEye
"""616aa5646c2600003f0016b7""",16.10.2021 12:11:48,"[""2021-10-16""]",[4.339455604553223],"[""Mitte-Rechts""]","[""""]","[""12:11:21""]",[1.446485161781311],16.10.2021 12:11:48,DeutscheBarytIndustrieOwlEye
"""616aa7096c2600003f0016e7""",16.10.2021 12:18:49,"[""2021-10-16""]",[4.5785136222839355],"[""Mitte-Rechts""]","[""""]","[""12:18:21""]",[1.5261712074279785],16.10.2021 12:18:49,DeutscheBarytIndustrieOwlEye
"""616aa8ad6c2600003f001717""",16.10.2021 12:25:48,"[""2021-10-16""]",[4.829274654388428],"[""Mitte-Rechts""]","[""""]","[""12:25:21""]",[1.6097581386566162],16.10.2021 12:25:48,DeutscheBarytIndustrieOwlEye
"""616aaa516c2600003f001747""",16.10.2021 12:32:49,"[""2021-10-16""]",[4.516580104827881],"[""Mitte-Rechts""]","[""""]","[""12:32:21""]",[1.5055267810821533],16.10.2021 12:32:49,DeutscheBarytIndustrieOwlEye
"""616aabf56c2600003f001777""",16.10.2021 12:39:49,"[""2021-10-16""]",[4.604000568389893],"[""Mitte-Rechts""]","[""""]","[""12:39:21""]",[1.5346667766571045],16.10.2021 12:39:49,DeutscheBarytIndustrieOwlEye
"""616aad986c2600003f0017a7""",16.10.2021 12:46:48,"[""2021-10-16""]",[4.635418891906738],"[""Mitte-Rechts""]","[""""]","[""12:46:21""]",[1.5451396703720093],16.10.2021 12:46:48,DeutscheBarytIndustrieOwlEye
"""616aaf3c6c2600003f0017d7""",16.10.2021 12:53:48,"[""2021-10-16""]",[4.164477825164795],"[""Mitte-Rechts""]","[""""]","[""12:53:21""]",[1.3881593942642212],16.10.2021 12:53:48,DeutscheBarytIndustrieOwlEye
"""616ab0e16c2600003f001807""",16.10.2021 13:00:48,"[""2021-10-16""]",[5.431587219238281],"[""Mitte-Rechts""]","[""""]","[""13:00:21""]",[1.810529112815857],16.10.2021 13:00:48,DeutscheBarytIndustrieOwlEye
"""616ab2846c2600003f001837""",16.10.2021 13:07:48,"[""2021-10-16""]",[5.212186813354492],"[""Mitte-Rechts""]","[""""]","[""13:07:21""]",[1.7373955249786377],16.10.2021 13:07:48,DeutscheBarytIndustrieOwlEye
"""616ab4286c2600003f001867""",16.10.2021 13:14:48,"[""2021-10-16""]",[4.892021179199219],"[""Mitte-Rechts""]","[""""]","[""13:14:21""]",[1.6306736469268799],16.10.2021 13:14:48,DeutscheBarytIndustrieOwlEye
"""616ab5cc6c2600003f001897""",16.10.2021 13:21:48,"[""2021-10-16""]",[5.6668572425842285],"[""Mitte-Rechts""]","[""""]","[""13:21:21""]",[1.888952374458313],16.10.2021 13:21:48,DeutscheBarytIndustrieOwlEye
"""616ab7706c2600003f0018c7""",16.10.2021 13:28:47,"[""2021-10-16""]",[5.132063388824463],"[""Mitte-Rechts""]","[""""]","[""13:28:21""]",[1.7106877565383911],16.10.2021 13:28:47,DeutscheBarytIndustrieOwlEye
"""616ab9146c2600003f0018f7""",16.10.2021 13:35:48,"[""2021-10-16""]",[5.011358737945557],"[""Mitte-Rechts""]","[""""]","[""13:35:21""]",[1.6704529523849487],16.10.2021 13:35:48,DeutscheBarytIndustrieOwlEye
"""616abab86c2600003f001927""",16.10.2021 13:42:48,"[""2021-10-16""]",[5.325581073760986],"[""Mitte-Rechts""]","[""""]","[""13:42:21""]",[1.775193691253662],16.10.2021 13:42:48,DeutscheBarytIndustrieOwlEye
"""616abc5c6c2600003f001957""",16.10.2021 13:49:48,"[""2021-10-16""]",[5.414972305297852],"[""Mitte-Rechts""]","[""""]","[""13:49:21""]",[1.8049908876419067],16.10.2021 13:49:48,DeutscheBarytIndustrieOwlEye
"""616abe006c2600003f001987""",16.10.2021 13:56:48,"[""2021-10-16""]",[4.66859769821167],"[""Mitte-Rechts""]","[""""]","[""13:56:21""]",[1.5561991930007935],16.10.2021 13:56:48,DeutscheBarytIndustrieOwlEye
"""616abfa46c2600003f0019b7""",16.10.2021 14:03:48,"[""2021-10-16""]",[4.723738670349121],"[""Mitte-Rechts""]","[""""]","[""14:03:21""]",[1.5745794773101807],16.10.2021 14:03:48,DeutscheBarytIndustrieOwlEye
"""616ac1486c2600003f0019e7""",16.10.2021 14:10:48,"[""2021-10-16""]",[4.7968010902404785],"[""Mitte-Rechts""]","[""""]","[""14:10:21""]",[1.5989335775375366],16.10.2021 14:10:48,DeutscheBarytIndustrieOwlEye
"""616ac2ec6c2600003f001a17""",16.10.2021 14:17:48,"[""2021-10-16""]",[4.765448093414307],"[""Mitte-Rechts""]","[""""]","[""14:17:21""]",[1.5884827375411987],16.10.2021 14:17:48,DeutscheBarytIndustrieOwlEye
"""616ac4906c2600003f001a47""",16.10.2021 14:24:48,"[""2021-10-16""]",[4.9536590576171875],"[""Mitte-Rechts""]","[""""]","[""14:24:21""]",[1.6512197256088257],16.10.2021 14:24:48,DeutscheBarytIndustrieOwlEye
"""616ac6356c2600003f001a77""",16.10.2021 14:31:49,"[""2021-10-16""]",[4.469130039215088],"[""Mitte-Rechts""]","[""""]","[""14:31:21""]",[1.4897100925445557],16.10.2021 14:31:49,DeutscheBarytIndustrieOwlEye
"""616ac7d86c2600003f001aa7""",16.10.2021 14:38:48,"[""2021-10-16""]",[4.775898456573486],"[""Mitte-Rechts""]","[""""]","[""14:38:21""]",[1.5919660329818726],16.10.2021 14:38:48,DeutscheBarytIndustrieOwlEye
"""616ac97c6c2600003f001ad7""",16.10.2021 14:45:48,"[""2021-10-16""]",[5.096606731414795],"[""Mitte-Rechts""]","[""""]","[""14:45:21""]",[1.698868989944458],16.10.2021 14:45:48,DeutscheBarytIndustrieOwlEye
"""616acfc2f97a0000240066f4""",16.10.2021 15:12:34,"[""2021-10-16""]",[4.23610258102417],"[""Mitte-Rechts""]","[""""]","[""15:12:01""]",[1.4120341539382935],16.10.2021 15:12:34,DeutscheBarytIndustrieOwlEye
"""616ad14675250000ce00611d""",16.10.2021 15:19:02,"[""2021-10-16""]",[46.652587890625],"[""Mitte-Rechts""]","[""""]","[""15:18:44""]",[15.550863265991211],16.10.2021 15:19:02,DeutscheBarytIndustrieOwlEye
"""616ad263cd5800005b006515""",16.10.2021 15:23:47,"[""2021-10-16""]",[12.524813652038574],"[""Mitte-Rechts""]","[""""]","[""15:23:33""]",[4.174937725067139],16.10.2021 15:23:47,DeutscheBarytIndustrieOwlEye
"""616ad296cd5800005b00653f""",16.10.2021 15:24:38,"[""2021-10-16""]",[4.483250617980957],"[""Mitte-Rechts""]","[""""]","[""15:23:58""]",[1.4944169521331787],16.10.2021 15:24:38,DeutscheBarytIndustrieOwlEye
"""616ad3bfcd5800005b00656f""",16.10.2021 15:29:34,"[""2021-10-16""]",[4.389217853546143],"[""Mitte-Rechts""]","[""""]","[""15:28:59""]",[1.4630725383758545],16.10.2021 15:29:34,DeutscheBarytIndustrieOwlEye
"""616ad4b1cd5800005b00659f""",16.10.2021 15:33:36,"[""2021-10-16""]",[4.47393798828125],"[""Mitte-Rechts""]","[""""]","[""15:32:59""]",[1.4913126230239868],16.10.2021 15:33:36,DeutscheBarytIndustrieOwlEye
"""616ad8248a6d000019006085""",16.10.2021 15:48:20,"[""2021-10-16""]",[4.427799224853516],"[""Mitte-Rechts""]","[""""]","[""15:47:52""]",[1.4759330749511719],16.10.2021 15:48:20,DeutscheBarytIndustrieOwlEye
"""616ad8d08a6d0000190060b5""",16.10.2021 15:51:11,"[""2021-10-16""]",[4.765950679779053],"[""Mitte-Rechts""]","[""""]","[""15:50:45""]",[1.588650107383728],16.10.2021 15:51:11,DeutscheBarytIndustrieOwlEye
"""616ad9858a6d0000190060e5""",16.10.2021 15:54:12,"[""2021-10-16""]",[4.8618693351745605],"[""Mitte-Rechts""]","[""""]","[""15:53:45""]",[1.6206231117248535],16.10.2021 15:54:12,DeutscheBarytIndustrieOwlEye
"""616ada398a6d000019006115""",16.10.2021 15:57:13,"[""2021-10-16""]",[4.847354412078857],"[""Mitte-Rechts""]","[""""]","[""15:56:45""]",[1.615784764289856],16.10.2021 15:57:13,DeutscheBarytIndustrieOwlEye
"""616adaec8a6d000019006145""",16.10.2021 16:00:12,"[""2021-10-16""]",[4.054461479187012],"[""Mitte-Rechts""]","[""""]","[""15:59:45""]",[1.351487159729004],16.10.2021 16:00:12,DeutscheBarytIndustrieOwlEye
"""616adba08a6d000019006175""",16.10.2021 16:03:12,"[""2021-10-16""]",[4.383315086364746],"[""Mitte-Rechts""]","[""""]","[""16:02:45""]",[1.4611049890518188],16.10.2021 16:03:12,DeutscheBarytIndustrieOwlEye
"""616adc548a6d0000190061a5""",16.10.2021 16:06:12,"[""2021-10-16""]",[4.622493267059326],"[""Mitte-Rechts""]","[""""]","[""16:05:45""]",[1.5408309698104858],16.10.2021 16:06:12,DeutscheBarytIndustrieOwlEye
"""616add088a6d0000190061d5""",16.10.2021 16:09:12,"[""2021-10-16""]",[4.4162750244140625],"[""Mitte-Rechts""]","[""""]","[""16:08:45""]",[1.4720916748046875],16.10.2021 16:09:12,DeutscheBarytIndustrieOwlEye
"""616addbc8a6d000019006205""",16.10.2021 16:12:12,"[""2021-10-16""]",[4.854855060577393],"[""Mitte-Rechts""]","[""""]","[""16:11:45""]",[1.6182849407196045],16.10.2021 16:12:12,DeutscheBarytIndustrieOwlEye
"""616ade708a6d000019006235""",16.10.2021 16:15:12,"[""2021-10-16""]",[5.301516056060791],"[""Mitte-Rechts""]","[""""]","[""16:14:45""]",[1.7671719789505005],16.10.2021 16:15:12,DeutscheBarytIndustrieOwlEye
"""616adf248a6d000019006265""",16.10.2021 16:18:12,"[""2021-10-16""]",[5.371195316314697],"[""Mitte-Rechts""]","[""""]","[""16:17:45""]",[1.7903984785079956],16.10.2021 16:18:12,DeutscheBarytIndustrieOwlEye
"""616adfd78a6d000019006295""",16.10.2021 16:21:11,"[""2021-10-16""]",[4.265351295471191],"[""Mitte-Rechts""]","[""""]","[""16:20:45""]",[1.421783685684204],16.10.2021 16:21:11,DeutscheBarytIndustrieOwlEye
"""616ae08b8a6d0000190062c5""",16.10.2021 16:24:11,"[""2021-10-16""]",[4.3323187828063965],"[""Mitte-Rechts""]","[""""]","[""16:23:45""]",[1.4441063404083252],16.10.2021 16:24:11,DeutscheBarytIndustrieOwlEye
"""616ae13f8a6d0000190062f5""",16.10.2021 16:27:11,"[""2021-10-16""]",[4.169192314147949],"[""Mitte-Rechts""]","[""""]","[""16:26:45""]",[1.3897308111190796],16.10.2021 16:27:11,DeutscheBarytIndustrieOwlEye
"""616ae1f48a6d000019006325""",16.10.2021 16:30:11,"[""2021-10-16""]",[4.582216262817383],"[""Mitte-Rechts""]","[""""]","[""16:29:45""]",[1.5274053812026978],16.10.2021 16:30:11,DeutscheBarytIndustrieOwlEye
"""616ae2a88a6d000019006355""",16.10.2021 16:33:12,"[""2021-10-16""]",[4.915095329284668],"[""Mitte-Rechts""]","[""""]","[""16:32:45""]",[1.6383651494979858],16.10.2021 16:33:12,DeutscheBarytIndustrieOwlEye
"""616ae35c8a6d000019006385""",16.10.2021 16:36:12,"[""2021-10-16""]",[4.373411178588867],"[""Mitte-Rechts""]","[""""]","[""16:35:45""]",[1.457803726196289],16.10.2021 16:36:12,DeutscheBarytIndustrieOwlEye
"""616ae4118a6d0000190063b5""",16.10.2021 16:39:13,"[""2021-10-16""]",[5.092655181884766],"[""Mitte-Rechts""]","[""""]","[""16:38:45""]",[1.6975517272949219],16.10.2021 16:39:13,DeutscheBarytIndustrieOwlEye
"""616ae4c48a6d0000190063e5""",16.10.2021 16:42:12,"[""2021-10-16""]",[4.366745471954346],"[""Mitte-Rechts""]","[""""]","[""16:41:45""]",[1.455581784248352],16.10.2021 16:42:12,DeutscheBarytIndustrieOwlEye
"""616ae5788a6d000019006415""",16.10.2021 16:45:12,"[""2021-10-16""]",[4.584047317504883],"[""Mitte-Rechts""]","[""""]","[""16:44:45""]",[1.5280157327651978],16.10.2021 16:45:12,DeutscheBarytIndustrieOwlEye
"""616ae62c8a6d000019006445""",16.10.2021 16:48:12,"[""2021-10-16""]",[4.612390518188477],"[""Mitte-Rechts""]","[""""]","[""16:47:45""]",[1.5374635457992554],16.10.2021 16:48:12,DeutscheBarytIndustrieOwlEye
"""616ae6e08a6d000019006475""",16.10.2021 16:51:12,"[""2021-10-16""]",[4.526059627532959],"[""Mitte-Rechts""]","[""""]","[""16:50:45""]",[1.5086865425109863],16.10.2021 16:51:12,DeutscheBarytIndustrieOwlEye
"""616ae7948a6d0000190064a5""",16.10.2021 16:54:12,"[""2021-10-16""]",[4.605090618133545],"[""Mitte-Rechts""]","[""""]","[""16:53:45""]",[1.5350302457809448],16.10.2021 16:54:12,DeutscheBarytIndustrieOwlEye
"""616ae8488a6d0000190064d5""",16.10.2021 16:57:12,"[""2021-10-16""]",[4.785698890686035],"[""Mitte-Rechts""]","[""""]","[""16:56:45""]",[1.5952330827713013],16.10.2021 16:57:12,DeutscheBarytIndustrieOwlEye
"""616ae8fc8a6d000019006505""",16.10.2021 17:00:12,"[""2021-10-16""]",[4.871894836425781],"[""Mitte-Rechts""]","[""""]","[""16:59:45""]",[1.6239649057388306],16.10.2021 17:00:12,DeutscheBarytIndustrieOwlEye
"""616ae9af8a6d000019006535""",16.10.2021 17:03:11,"[""2021-10-16""]",[5.224722385406494],"[""Mitte-Rechts""]","[""""]","[""17:02:45""]",[1.7415740489959717],16.10.2021 17:03:11,DeutscheBarytIndustrieOwlEye
"""616aea638a6d000019006565""",16.10.2021 17:06:11,"[""2021-10-16""]",[4.875574111938477],"[""Mitte-Rechts""]","[""""]","[""17:05:45""]",[1.625191330909729],16.10.2021 17:06:11,DeutscheBarytIndustrieOwlEye
"""616aeb188a6d000019006595""",16.10.2021 17:09:12,"[""2021-10-16""]",[3.908524513244629],"[""Mitte-Rechts""]","[""""]","[""17:08:45""]",[1.3028415441513062],16.10.2021 17:09:12,DeutscheBarytIndustrieOwlEye
"""616aebcc8a6d0000190065c5""",16.10.2021 17:12:11,"[""2021-10-16""]",[4.716904640197754],"[""Mitte-Rechts""]","[""""]","[""17:11:45""]",[1.5723015069961548],16.10.2021 17:12:11,DeutscheBarytIndustrieOwlEye
"""616aec7f8a6d0000190065f5""",16.10.2021 17:15:11,"[""2021-10-16""]",[4.368162631988525],"[""Mitte-Rechts""]","[""""]","[""17:14:45""]",[1.4560542106628418],16.10.2021 17:15:11,DeutscheBarytIndustrieOwlEye
"""616aed348a6d000019006625""",16.10.2021 17:18:12,"[""2021-10-16""]",[3.950822591781616],"[""Mitte-Rechts""]","[""""]","[""17:17:45""]",[1.3169409036636353],16.10.2021 17:18:12,DeutscheBarytIndustrieOwlEye
"""616aede88a6d000019006655""",16.10.2021 17:21:12,"[""2021-10-16""]",[4.327605247497559],"[""Mitte-Rechts""]","[""""]","[""17:20:45""]",[1.4425350427627563],16.10.2021 17:21:12,DeutscheBarytIndustrieOwlEye
"""616aee9c8a6d000019006685""",16.10.2021 17:24:12,"[""2021-10-16""]",[4.6388092041015625],"[""Mitte-Rechts""]","[""""]","[""17:23:45""]",[1.5462696552276611],16.10.2021 17:24:12,DeutscheBarytIndustrieOwlEye
"""616aef508a6d0000190066b5""",16.10.2021 17:27:12,"[""2021-10-16""]",[4.671727657318115],"[""Mitte-Rechts""]","[""""]","[""17:26:45""]",[1.5572426319122314],16.10.2021 17:27:12,DeutscheBarytIndustrieOwlEye
"""616af0048a6d0000190066e5""",16.10.2021 17:30:12,"[""2021-10-16""]",[5.306670665740967],"[""Mitte-Rechts""]","[""""]","[""17:29:45""]",[1.7688902616500854],16.10.2021 17:30:12,DeutscheBarytIndustrieOwlEye
"""616af0b88a6d000019006715""",16.10.2021 17:33:12,"[""2021-10-16""]",[3.968648672103882],"[""Mitte-Rechts""]","[""""]","[""17:32:45""]",[1.322882890701294],16.10.2021 17:33:12,DeutscheBarytIndustrieOwlEye
"""616af16d8a6d000019006745""",16.10.2021 17:36:13,"[""2021-10-16""]",[4.2274651527404785],"[""Mitte-Rechts""]","[""""]","[""17:35:45""]",[1.409155011177063],16.10.2021 17:36:13,DeutscheBarytIndustrieOwlEye
"""616af2208a6d000019006775""",16.10.2021 17:39:12,"[""2021-10-16""]",[4.598515510559082],"[""Mitte-Rechts""]","[""""]","[""17:38:45""]",[1.5328384637832642],16.10.2021 17:39:12,DeutscheBarytIndustrieOwlEye
"""616af2d58a6d0000190067a5""",16.10.2021 17:42:12,"[""2021-10-16""]",[4.6241021156311035],"[""Mitte-Rechts""]","[""""]","[""17:41:45""]",[1.5413674116134644],16.10.2021 17:42:12,DeutscheBarytIndustrieOwlEye
"""616af3888a6d0000190067d5""",16.10.2021 17:45:12,"[""2021-10-16""]",[4.43720006942749],"[""Mitte-Rechts""]","[""""]","[""17:44:45""]",[1.4790667295455933],16.10.2021 17:45:12,DeutscheBarytIndustrieOwlEye
"""616af43c8a6d000019006805""",16.10.2021 17:48:12,"[""2021-10-16""]",[4.291512489318848],"[""Mitte-Rechts""]","[""""]","[""17:47:45""]",[1.4305042028427124],16.10.2021 17:48:12,DeutscheBarytIndustrieOwlEye
"""616af4ef8a6d000019006835""",16.10.2021 17:51:11,"[""2021-10-16""]",[3.228332757949829],"[""Mitte-Rechts""]","[""""]","[""17:50:45""]",[1.07611083984375],16.10.2021 17:51:11,DeutscheBarytIndustrieOwlEye
"""616af5a48a6d000019006865""",16.10.2021 17:54:11,"[""2021-10-16""]",[3.80293345451355],"[""Mitte-Rechts""]","[""""]","[""17:53:45""]",[1.2676445245742798],16.10.2021 17:54:11,DeutscheBarytIndustrieOwlEye
"""616af6578a6d000019006895""",16.10.2021 17:57:11,"[""2021-10-16""]",[3.6110305786132812],"[""Mitte-Rechts""]","[""""]","[""17:56:45""]",[1.2036768198013306],16.10.2021 17:57:11,DeutscheBarytIndustrieOwlEye
"""616af70b8a6d0000190068c5""",16.10.2021 18:00:11,"[""2021-10-16""]",[3.3522188663482666],"[""Mitte-Rechts""]","[""""]","[""17:59:45""]",[1.1174063682556152],16.10.2021 18:00:11,DeutscheBarytIndustrieOwlEye
"""616af7bf8a6d0000190068f5""",16.10.2021 18:03:11,"[""2021-10-16""]",[3.305696725845337],"[""Mitte-Rechts""]","[""""]","[""18:02:45""]",[1.1018989086151123],16.10.2021 18:03:11,DeutscheBarytIndustrieOwlEye
"""616af8748a6d000019006925""",16.10.2021 18:06:12,"[""2021-10-16""]",[4.605382919311523],"[""Mitte-Rechts""]","[""""]","[""18:05:45""]",[1.5351276397705078],16.10.2021 18:06:12,DeutscheBarytIndustrieOwlEye
"""616af9288a6d000019006955""",16.10.2021 18:09:12,"[""2021-10-16""]",[4.3682732582092285],"[""Mitte-Rechts""]","[""""]","[""18:08:45""]",[1.4560911655426025],16.10.2021 18:09:12,DeutscheBarytIndustrieOwlEye
"""616af9dd8a6d000019006985""",16.10.2021 18:12:12,"[""2021-10-16""]",[4.512422561645508],"[""Mitte-Rechts""]","[""""]","[""18:11:45""]",[1.5041407346725464],16.10.2021 18:12:12,DeutscheBarytIndustrieOwlEye
"""616afa908a6d0000190069b5""",16.10.2021 18:15:12,"[""2021-10-16""]",[5.423380374908447],"[""Mitte-Rechts""]","[""""]","[""18:14:45""]",[1.8077934980392456],16.10.2021 18:15:12,DeutscheBarytIndustrieOwlEye
"""616afb448a6d0000190069e5""",16.10.2021 18:18:12,"[""2021-10-16""]",[4.909962177276611],"[""Mitte-Rechts""]","[""""]","[""18:17:45""]",[1.6366541385650635],16.10.2021 18:18:12,DeutscheBarytIndustrieOwlEye
"""616b41ed1116000081006710""",16.10.2021 23:19:40,"[""2021-10-16""]",[0.053088780492544174],"[""Mitte-Rechts""]","[""""]","[""23:19:19""]",[0.017696261405944824],16.10.2021 23:19:40,DeutscheBarytIndustrieOwlEye
"""616bf2c0305600000c0039b5""",17.10.2021 11:54:08,"[""2021-10-17""]",[94.8775405883789],"[""Mitte-Rechts""]","[""""]","[""11:53:45""]",[31.62584686279297],17.10.2021 11:54:08,DeutscheBarytIndustrieOwlEye
"""616bf2f2305600000c0039dd""",17.10.2021 11:54:57,"[""2021-10-17""]",[93.210693359375],"[""Mitte-Rechts""]","[""""]","[""11:54:35""]",[31.070232391357422],17.10.2021 11:54:57,DeutscheBarytIndustrieOwlEye
"""616bf34b305600000c003a07""",17.10.2021 11:56:27,"[""2021-10-17""]",[7.869700908660889],"[""Mitte-Rechts""]","[""""]","[""11:56:01""]",[2.6232335567474365],17.10.2021 11:56:27,DeutscheBarytIndustrieOwlEye
"""616bf3aa305600000c003a2b""",17.10.2021 11:58:01,"[""2021-10-17""]",[2.7233829498291016],"[""Mitte-Rechts""]","[""""]","[""11:57:49""]",[0.9077943563461304],17.10.2021 11:58:01,DeutscheBarytIndustrieOwlEye
"""616c12ad305600000c003a85""",17.10.2021 14:10:21,"[""2021-10-17""]",[103.64823913574219],"[""Mitte-Rechts""]","[""""]","[""14:09:42""]",[34.54941177368164],17.10.2021 14:10:21,DeutscheBarytIndustrieOwlEye
"""616c1301305600000c003aa9""",17.10.2021 14:11:44,"[""2021-10-17""]",[109.8438720703125],"[""Mitte-Rechts""]","[""""]","[""14:11:05""]",[36.6146240234375],17.10.2021 14:11:44,DeutscheBarytIndustrieOwlEye
"""616c1b05305600000c003ad3""",17.10.2021 14:45:57,"[""2021-10-17""]",[92.86717987060547],"[""Mitte-Rechts""]","[""""]","[""14:45:17""]",[30.955726623535156],17.10.2021 14:45:57,DeutscheBarytIndustrieOwlEye
"""616c1c87305600000c003aff""",17.10.2021 14:52:23,"[""2021-10-17""]",[115.56706237792969],"[""Mitte-Rechts""]","[""""]","[""14:52:02""]",[38.52235412597656],17.10.2021 14:52:23,DeutscheBarytIndustrieOwlEye
"""616c1cee305600000c003b21""",17.10.2021 14:54:06,"[""2021-10-17""]",[84.87959289550781],"[""Mitte-Rechts""]","[""""]","[""14:53:59""]",[28.293195724487305],17.10.2021 14:54:06,DeutscheBarytIndustrieOwlEye
"""616d317b305600000c003b3d""",18.10.2021 10:34:03,"[""2021-10-18""]",[57.64179992675781],"[""Mitte-Rechts""]","[""""]","[""10:33:56""]",[19.213932037353516],18.10.2021 10:34:03,DeutscheBarytIndustrieOwlEye
"""616d3195305600000c003b65""",18.10.2021 10:34:28,"[""2021-10-18""]",[58.457481384277344],"[""Mitte-Rechts""]","[""""]","[""10:34:04""]",[19.48582649230957],18.10.2021 10:34:28,DeutscheBarytIndustrieOwlEye
"""616d39da305600000c003b8b""",18.10.2021 11:09:45,"[""2021-10-18""]",[2.327124834060669],"[""Mitte-Rechts""]","[""""]","[""11:09:32""]",[0.7757082581520081],18.10.2021 11:09:45,DeutscheBarytIndustrieOwlEye
"""616d39fd305600000c003bab""",18.10.2021 11:10:20,"[""2021-10-18""]",[2.2703943252563477],"[""Mitte-Rechts""]","[""""]","[""11:10:06""]",[0.7567981481552124],18.10.2021 11:10:20,DeutscheBarytIndustrieOwlEye
"""616d530c305600000c003bf9""",18.10.2021 12:57:16,"[""2021-10-18""]",[60.904762268066406],"[""Mitte-Rechts""]","[""""]","[""12:57:00""]",[20.30158805847168],18.10.2021 12:57:16,DeutscheBarytIndustrieOwlEye
"""616d5326305600000c003c07""",18.10.2021 12:57:42,"[""2021-10-18""]",[49.15603256225586],"[""Mitte-Rechts""]","[""""]","[""12:57:23""]",[16.385343551635742],18.10.2021 12:57:42,DeutscheBarytIndustrieOwlEye
"""616d550f305600000c003c1d""",18.10.2021 13:05:50,"[""2021-10-18""]",[64.26013946533203],"[""Mitte-Rechts""]","[""""]","[""13:05:42""]",[21.420045852661133],18.10.2021 13:05:50,DeutscheBarytIndustrieOwlEye
"""616d5543305600000c003c35""",18.10.2021 13:06:43,"[""2021-10-18""]",[62.570274353027344],"[""Mitte-Rechts""]","[""""]","[""13:06:34""]",[20.85675811767578],18.10.2021 13:06:43,DeutscheBarytIndustrieOwlEye
"""616d5668305600000c003c5d""",18.10.2021 13:11:36,"[""2021-10-18""]",[70.52172088623047],"[""Mitte-Rechts""]","[""""]","[""13:10:44""]",[23.50724220275879],18.10.2021 13:11:36,DeutscheBarytIndustrieOwlEye
"""616d56ed305600000c003c8b""",18.10.2021 13:13:48,"[""2021-10-18""]",[66.70716094970703],"[""Mitte-Rechts""]","[""""]","[""13:13:08""]",[22.235719680786133],18.10.2021 13:13:48,DeutscheBarytIndustrieOwlEye
"""616d5b84305600000c003cb9""",18.10.2021 13:33:24,"[""2021-10-18""]",[70.44779968261719],"[""Mitte-Rechts""]","[""""]","[""13:32:40""]",[23.48259925842285],18.10.2021 13:33:24,DeutscheBarytIndustrieOwlEye
"""616db052305600000c003d03""",18.10.2021 19:35:14,"[""2021-10-18""]",[93.87117767333984],"[""Mitte-Rechts""]","[""""]","[""19:34:42""]",[31.29039192199707],18.10.2021 19:35:14,DeutscheBarytIndustrieOwlEye
"""616db7e2305600000c003d33""",18.10.2021 20:07:30,"[""2021-10-18""]",[66.71543884277344],"[""Mitte-Rechts""]","[""""]","[""20:06:58""]",[22.23847770690918],18.10.2021 20:07:30,DeutscheBarytIndustrieOwlEye
"""616dd24a305600000c003d63""",18.10.2021 22:00:10,"[""2021-10-18""]",[67.44318389892578],"[""Mitte-Rechts""]","[""""]","[""21:59:39""]",[22.481061935424805],18.10.2021 22:00:10,DeutscheBarytIndustrieOwlEye
"""616dd9df305600000c003dab""",18.10.2021 22:32:31,"[""2021-10-18""]",[67.62081909179688],"[""Mitte-Rechts""]","[""""]","[""22:31:50""]",[22.540273666381836],18.10.2021 22:32:31,DeutscheBarytIndustrieOwlEye
"""616de343427600003b0067f9""",18.10.2021 23:12:35,"[""2021-10-18""]",[66.66692352294922],"[""Mitte-Rechts""]","[""""]","[""23:11:50""]",[22.222307205200195],18.10.2021 23:12:35,DeutscheBarytIndustrieOwlEye
"""616deedd427600003b006829""",19.10.2021 00:02:05,"[""2021-10-19""]",[67.12303161621094],"[""Mitte-Rechts""]","[""""]","[""00:01:24""]",[22.374343872070312],19.10.2021 00:02:05,DeutscheBarytIndustrieOwlEye
"""616def90427600003b006859""",19.10.2021 00:05:03,"[""2021-10-19""]",[67.41731262207031],"[""Mitte-Rechts""]","[""""]","[""00:04:24""]",[22.472436904907227],19.10.2021 00:05:03,DeutscheBarytIndustrieOwlEye
"""616df04a427600003b006889""",19.10.2021 00:08:10,"[""2021-10-19""]",[67.07261657714844],"[""Mitte-Rechts""]","[""""]","[""00:07:24""]",[22.3575382232666],19.10.2021 00:08:10,DeutscheBarytIndustrieOwlEye
"""616df0f9427600003b0068b9""",19.10.2021 00:11:05,"[""2021-10-19""]",[66.9006576538086],"[""Mitte-Rechts""]","[""""]","[""00:10:24""]",[22.300220489501953],19.10.2021 00:11:05,DeutscheBarytIndustrieOwlEye
"""616df1ac427600003b0068e9""",19.10.2021 00:14:03,"[""2021-10-19""]",[68.61783599853516],"[""Mitte-Rechts""]","[""""]","[""00:13:24""]",[22.87261199951172],19.10.2021 00:14:03,DeutscheBarytIndustrieOwlEye
"""616df260427600003b006919""",19.10.2021 00:17:03,"[""2021-10-19""]",[68.45333862304688],"[""Mitte-Rechts""]","[""""]","[""00:16:24""]",[22.817779541015625],19.10.2021 00:17:03,DeutscheBarytIndustrieOwlEye
"""616df34c427600003b006949""",19.10.2021 00:20:59,"[""2021-10-19""]",[66.92647552490234],"[""Mitte-Rechts""]","[""""]","[""00:20:16""]",[22.30882453918457],19.10.2021 00:20:59,DeutscheBarytIndustrieOwlEye
"""616df84a427600003b006979""",19.10.2021 00:42:17,"[""2021-10-19""]",[82.3732681274414],"[""Mitte-Rechts""]","[""""]","[""00:41:38""]",[27.4577579498291],19.10.2021 00:42:17,DeutscheBarytIndustrieOwlEye
"""616dfa91427600003b0069a9""",19.10.2021 00:52:01,"[""2021-10-19""]",[89.16687774658203],"[""Mitte-Rechts""]","[""""]","[""00:51:16""]",[29.722291946411133],19.10.2021 00:52:01,DeutscheBarytIndustrieOwlEye
"""616dfaec427600003b0069d9""",19.10.2021 00:53:31,"[""2021-10-19""]",[90.87632751464844],"[""Mitte-Rechts""]","[""""]","[""00:52:46""]",[30.292110443115234],19.10.2021 00:53:31,DeutscheBarytIndustrieOwlEye
"""616dfd40433b000057000665""",19.10.2021 01:03:28,"[""2021-10-19""]",[88.99679565429688],"[""Mitte-Rechts""]","[""""]","[""01:02:45""]",[29.665597915649414],19.10.2021 01:03:28,DeutscheBarytIndustrieOwlEye
"""616e937cd67d000032007f15""",19.10.2021 11:44:28,"[""2021-10-19""]",[90.17816162109375],"[""Mitte-Rechts""]","[""""]","[""11:43:23""]",[30.059385299682617],19.10.2021 11:44:28,DeutscheBarytIndustrieOwlEye
"""616eaeb7d67d000032007f65""",19.10.2021 13:40:39,"[""2021-10-19""]",[65.25595092773438],"[""Mitte-Rechts""]","[""""]","[""13:40:20""]",[21.751983642578125],19.10.2021 13:40:39,DeutscheBarytIndustrieOwlEye
"""616eaedad67d000032007f85""",19.10.2021 13:41:13,"[""2021-10-19""]",[12.755332946777344],"[""Mitte-Rechts""]","[""""]","[""13:40:57""]",[4.251777648925781],19.10.2021 13:41:13,DeutscheBarytIndustrieOwlEye
"""616eb664d67d000032007fb9""",19.10.2021 14:13:24,"[""2021-10-19""]",[63.53520584106445],"[""Mitte-Rechts""]","[""""]","[""14:13:11""]",[21.178401947021484],19.10.2021 14:13:24,DeutscheBarytIndustrieOwlEye
"""616eb699d67d000032007fd5""",19.10.2021 14:14:17,"[""2021-10-19""]",[60.932037353515625],"[""Mitte-Rechts""]","[""""]","[""14:14:01""]",[20.310678482055664],19.10.2021 14:14:17,DeutscheBarytIndustrieOwlEye
"""616eb734d67d000032007fe3""",19.10.2021 14:16:51,"[""2021-10-19""]",[49.0774040222168],"[""Mitte-Rechts""]","[""""]","[""14:16:47""]",[16.359134674072266],19.10.2021 14:16:51,DeutscheBarytIndustrieOwlEye
"""616eb9fed67d000032007ffd""",19.10.2021 14:28:46,"[""2021-10-19""]",[62.067047119140625],"[""Mitte-Rechts""]","[""""]","[""14:28:31""]",[20.689016342163086],19.10.2021 14:28:46,DeutscheBarytIndustrieOwlEye
"""616eba29d67d00003200800b""",19.10.2021 14:29:29,"[""2021-10-19""]",[49.791526794433594],"[""Mitte-Rechts""]","[""""]","[""14:29:25""]",[16.59717559814453],19.10.2021 14:29:29,DeutscheBarytIndustrieOwlEye
"""616eba64d67d000032008017""",19.10.2021 14:30:27,"[""2021-10-19""]",[49.07801055908203],"[""Mitte-Rechts""]","[""""]","[""14:30:23""]",[16.359336853027344],19.10.2021 14:30:27,DeutscheBarytIndustrieOwlEye
"""616eba80d67d000032008023""",19.10.2021 14:30:55,"[""2021-10-19""]",[48.6016731262207],"[""Mitte-Rechts""]","[""""]","[""14:30:51""]",[16.200557708740234],19.10.2021 14:30:55,DeutscheBarytIndustrieOwlEye
"""616eba8ad67d00003200802f""",19.10.2021 14:31:06,"[""2021-10-19""]",[49.70812225341797],"[""Mitte-Rechts""]","[""""]","[""14:31:02""]",[16.569374084472656],19.10.2021 14:31:06,DeutscheBarytIndustrieOwlEye
"""616ebaa4d67d000032008049""",19.10.2021 14:31:32,"[""2021-10-19""]",[61.79351043701172],"[""Mitte-Rechts""]","[""""]","[""14:31:17""]",[20.597837448120117],19.10.2021 14:31:32,DeutscheBarytIndustrieOwlEye
"""616f38e8532f000060001f25""",19.10.2021 23:30:16,"[""2021-10-19""]",[84.87999725341797],"[""Mitte-Rechts""]","[""""]","[""23:29:19""]",[28.293333053588867],19.10.2021 23:30:16,DeutscheBarytIndustrieOwlEye
"""616f3a9e532f000060001f55""",19.10.2021 23:37:33,"[""2021-10-19""]",[83.14300537109375],"[""Mitte-Rechts""]","[""""]","[""23:36:43""]",[27.71433448791504],19.10.2021 23:37:33,DeutscheBarytIndustrieOwlEye
"""616ff954fe4900001900398e""",20.10.2021 13:11:15,"[""2021-10-20""]",[50.08852005004883],"[""Mitte-Rechts""]","[""""]","[""13:10:18""]",[16.6961727142334],20.10.2021 13:11:15,DeutscheBarytIndustrieOwlEye
"""616ffa03fe490000190039be""",20.10.2021 13:14:11,"[""2021-10-20""]",[50.425010681152344],"[""Mitte-Rechts""]","[""""]","[""13:13:18""]",[16.808338165283203],20.10.2021 13:14:11,DeutscheBarytIndustrieOwlEye
"""616ffb8cfe490000190039e6""",20.10.2021 13:20:43,"[""2021-10-20""]",[30.11439323425293],"[""Mitte-Rechts""]","[""""]","[""13:20:29""]",[10.038131713867188],20.10.2021 13:20:43,DeutscheBarytIndustrieOwlEye
"""616ffb9afe490000190039fa""",20.10.2021 13:20:58,"[""2021-10-20""]",[17.003982543945312],"[""Mitte-Rechts""]","[""""]","[""13:20:51""]",[5.667994022369385],20.10.2021 13:20:58,DeutscheBarytIndustrieOwlEye
"""616ffbdbfe49000019003a0e""",20.10.2021 13:22:03,"[""2021-10-20""]",[101.44325256347656],"[""Mitte-Rechts""]","[""""]","[""13:21:48""]",[33.81441879272461],20.10.2021 13:22:03,DeutscheBarytIndustrieOwlEye
"""616ffbfefe49000019003a2c""",20.10.2021 13:22:38,"[""2021-10-20""]",[28.958892822265625],"[""Mitte-Rechts""]","[""""]","[""13:22:19""]",[9.65296459197998],20.10.2021 13:22:38,DeutscheBarytIndustrieOwlEye
"""616ffc24fe49000019003a4c""",20.10.2021 13:23:15,"[""2021-10-20""]",[28.459949493408203],"[""Mitte-Rechts""]","[""""]","[""13:23:02""]",[9.486649513244629],20.10.2021 13:23:15,DeutscheBarytIndustrieOwlEye
"""616ffc36fe49000019003a62""",20.10.2021 13:23:34,"[""2021-10-20""]",[38.219146728515625],"[""Mitte-Rechts""]","[""""]","[""13:23:20""]",[12.739715576171875],20.10.2021 13:23:34,DeutscheBarytIndustrieOwlEye
"""616ffc56fe49000019003a70""",20.10.2021 13:24:06,"[""2021-10-20""]",[6.107541084289551],"[""Mitte-Rechts""]","[""""]","[""13:24:02""]",[2.0358471870422363],20.10.2021 13:24:06,DeutscheBarytIndustrieOwlEye
"""61702415fe49000019003ad6""",20.10.2021 16:13:41,"[""2021-10-20""]",[53.60370635986328],"[""Mitte-Rechts""]","[""""]","[""16:12:26""]",[17.867902755737305],20.10.2021 16:13:41,DeutscheBarytIndustrieOwlEye
"""61702453fe49000019003aee""",20.10.2021 16:14:43,"[""2021-10-20""]",[1.3950226306915283],"[""Mitte-Rechts""]","[""""]","[""16:14:39""]",[0.4650075435638428],20.10.2021 16:14:43,DeutscheBarytIndustrieOwlEye
"""617024a7fe49000019003b0c""",20.10.2021 16:16:06,"[""2021-10-20""]",[14.768568992614746],"[""Mitte-Rechts""]","[""""]","[""16:15:50""]",[4.922856330871582],20.10.2021 16:16:06,DeutscheBarytIndustrieOwlEye
"""61702da9fe49000019003b2e""",20.10.2021 16:54:32,"[""2021-10-20""]",[68.49627685546875],"[""Mitte-Rechts""]","[""""]","[""16:54:11""]",[22.83209228515625],20.10.2021 16:54:32,DeutscheBarytIndustrieOwlEye
"""61703479fe49000019003b58""",20.10.2021 17:23:36,"[""2021-10-20""]",[53.47502517700195],"[""Mitte-Rechts""]","[""""]","[""17:22:34""]",[17.825008392333984],20.10.2021 17:23:36,DeutscheBarytIndustrieOwlEye
"""617038abfe49000019003b74""",20.10.2021 17:41:31,"[""2021-10-20""]",[100.45146179199219],"[""Mitte-Rechts""]","[""""]","[""17:41:19""]",[33.483821868896484],20.10.2021 17:41:31,DeutscheBarytIndustrieOwlEye
"""617039abfe49000019003b8e""",20.10.2021 17:45:46,"[""2021-10-20""]",[0.3890892267227173],"[""Mitte-Rechts""]","[""""]","[""17:45:33""]",[0.12969641387462616],20.10.2021 17:45:46,DeutscheBarytIndustrieOwlEye
"""61703a30fe49000019003bb4""",20.10.2021 17:48:00,"[""2021-10-20""]",[1.3611013889312744],"[""Mitte-Rechts""]","[""""]","[""17:47:43""]",[0.453700453042984],20.10.2021 17:48:00,DeutscheBarytIndustrieOwlEye
"""61703b11fe49000019003be2""",20.10.2021 17:51:44,"[""2021-10-20""]",[28.237363815307617],"[""Mitte-Rechts""]","[""""]","[""17:51:30""]",[9.412454605102539],20.10.2021 17:51:44,DeutscheBarytIndustrieOwlEye
"""61703b86fe49000019003bfa""",20.10.2021 17:53:42,"[""2021-10-20""]",[1.229628324508667],"[""Mitte-Rechts""]","[""""]","[""17:53:38""]",[0.40987610816955566],20.10.2021 17:53:42,DeutscheBarytIndustrieOwlEye
"""61703bc5fe49000019003c0a""",20.10.2021 17:54:45,"[""2021-10-20""]",[1.2701847553253174],"[""Mitte-Rechts""]","[""""]","[""17:54:34""]",[0.42339491844177246],20.10.2021 17:54:45,DeutscheBarytIndustrieOwlEye
"""61703c49fe49000019003c3c""",20.10.2021 17:56:57,"[""2021-10-20""]",[65.79498291015625],"[""Mitte-Rechts""]","[""""]","[""17:56:40""]",[21.931659698486328],20.10.2021 17:56:57,DeutscheBarytIndustrieOwlEye
"""61703d37fe49000019003c7a""",20.10.2021 18:00:55,"[""2021-10-20""]",[5.103314399719238],"[""Mitte-Rechts""]","[""""]","[""18:00:51""]",[1.701104760169983],20.10.2021 18:00:55,DeutscheBarytIndustrieOwlEye
"""61703d53fe49000019003c96""",20.10.2021 18:01:23,"[""2021-10-20""]",[14.821192741394043],"[""Mitte-Rechts""]","[""""]","[""18:01:10""]",[4.9403977394104],20.10.2021 18:01:23,DeutscheBarytIndustrieOwlEye
"""617108bdfe49000019003ccc""",21.10.2021 08:29:17,"[""2021-10-21""]",[16.070587158203125],"[""Mitte-Rechts""]","[""""]","[""08:29:02""]",[5.3568620681762695],21.10.2021 08:29:17,DeutscheBarytIndustrieOwlEye
"""617108f1fe49000019003cec""",21.10.2021 08:30:09,"[""2021-10-21""]",[10.629533767700195],"[""Mitte-Rechts""]","[""""]","[""08:29:53""]",[3.543178081512451],21.10.2021 08:30:09,DeutscheBarytIndustrieOwlEye
"""6171218cfe49000019003db2""",21.10.2021 10:15:07,"[""2021-10-21""]",[68.55061340332031],"[""Mitte-Rechts""]","[""""]","[""10:14:52""]",[22.850202560424805],21.10.2021 10:15:07,DeutscheBarytIndustrieOwlEye
"""61764a497c620000ba006a11""",25.10.2021 08:10:17,"[""2021-10-25""]",[60.74306106567383],"[""Mitte-Rechts""]","[""""]","[""08:09:08""]",[20.2476863861084],25.10.2021 08:10:17,DeutscheBarytIndustrieOwlEye
"""61764ec57c620000ba006a67""",25.10.2021 08:29:24,"[""2021-10-25""]",[7.599748134613037],"[""Mitte-Rechts""]","[""""]","[""08:29:15""]",[2.5332493782043457],25.10.2021 08:29:24,DeutscheBarytIndustrieOwlEye
"""61764f5c7c620000ba006a9d""",25.10.2021 08:31:56,"[""2021-10-25""]",[76.3460464477539],"[""Mitte-Rechts""]","[""""]","[""08:31:46""]",[25.44868278503418],25.10.2021 08:31:56,DeutscheBarytIndustrieOwlEye
"""617a729fce1700007b0031d5""",28.10.2021 11:51:27,"[""2021-10-28""]",[81.93392181396484],"[""Mitte-Rechts""]","[""""]","[""11:50:27""]",[27.31130599975586],28.10.2021 11:51:27,DeutscheBarytIndustrieOwlEye
"""616a02d191410000da0056f3""",16.10.2021 00:38:09,"[""2021-10-16""]",[29.584514617919922],"[""Mitte-Rechts""]","[""""]","[""00:38:04""]",[9.861504554748535],16.10.2021 00:38:09,DeutscheBarytIndustrieOwlEye
"""616a02dd91410000da00570b""",16.10.2021 00:38:20,"[""2021-10-16""]",[57.56299591064453],"[""Mitte-Rechts""]","[""""]","[""00:38:12""]",[19.187665939331055],16.10.2021 00:38:20,DeutscheBarytIndustrieOwlEye
"""616a02e991410000da00572d""",16.10.2021 00:38:33,"[""2021-10-16""]",[90.1127700805664],"[""Mitte-Rechts""]","[""""]","[""00:38:23""]",[30.03759002685547],16.10.2021 00:38:33,DeutscheBarytIndustrieOwlEye
"""616a042c28620000b400193b""",16.10.2021 00:43:55,"[""2021-10-16""]",[0.2506071627140045],"[""Mitte-Rechts""]","[""""]","[""00:43:49""]",[0.08353572338819504],16.10.2021 00:43:55,DeutscheBarytIndustrieOwlEye
"""616a043828620000b400195b""",16.10.2021 00:44:07,"[""2021-10-16""]",[0.9452164769172668],"[""Mitte-Rechts""]","[""""]","[""00:44:00""]",[0.3150721490383148],16.10.2021 00:44:07,DeutscheBarytIndustrieOwlEye
"""616a044428620000b400197d""",16.10.2021 00:44:19,"[""2021-10-16""]",[0.0725129246711731],"[""Mitte-Rechts""]","[""""]","[""00:44:10""]",[0.024170976132154465],16.10.2021 00:44:19,DeutscheBarytIndustrieOwlEye
"""616a045a28620000b40019a1""",16.10.2021 00:44:42,"[""2021-10-16""]",[-0.4564996659755707],"[""Mitte-Rechts""]","[""""]","[""00:44:28""]",[-0.15216656029224396],16.10.2021 00:44:42,DeutscheBarytIndustrieOwlEye
"""616a04922a4d00005200349d""",16.10.2021 00:45:37,"[""2021-10-16""]",[3.3647589683532715],"[""Mitte-Rechts""]","[""""]","[""00:45:15""]",[1.1215863227844238],16.10.2021 00:45:37,DeutscheBarytIndustrieOwlEye
"""616a05064104000051002563""",16.10.2021 00:47:33,"[""2021-10-16""]",[2.467564344406128],"[""Mitte-Rechts""]","[""""]","[""00:46:58""]",[0.822521448135376],16.10.2021 00:47:33,DeutscheBarytIndustrieOwlEye
"""616a05794104000051002593""",16.10.2021 00:49:28,"[""2021-10-16""]",[3.370934247970581],"[""Mitte-Rechts""]","[""""]","[""00:48:51""]",[1.1236448287963867],16.10.2021 00:49:28,DeutscheBarytIndustrieOwlEye
"""616a05bc41040000510025c3""",16.10.2021 00:50:36,"[""2021-10-16""]",[2.805704116821289],"[""Mitte-Rechts""]","[""""]","[""00:49:59""]",[0.9352347254753113],16.10.2021 00:50:36,DeutscheBarytIndustrieOwlEye
"""616a062f41040000510025f3""",16.10.2021 00:52:31,"[""2021-10-16""]",[0.06264543533325195],"[""Mitte-Rechts""]","[""""]","[""00:51:56""]",[0.020881813019514084],16.10.2021 00:52:31,DeutscheBarytIndustrieOwlEye
"""616a06a94104000051002623""",16.10.2021 00:54:33,"[""2021-10-16""]",[3.2677767276763916],"[""Mitte-Rechts""]","[""""]","[""00:53:56""]",[1.0892589092254639],16.10.2021 00:54:33,DeutscheBarytIndustrieOwlEye
"""616a07244104000051002653""",16.10.2021 00:56:36,"[""2021-10-16""]",[3.8911497592926025],"[""Mitte-Rechts""]","[""""]","[""00:55:56""]",[1.297049880027771],16.10.2021 00:56:36,DeutscheBarytIndustrieOwlEye
"""616a079b4104000051002683""",16.10.2021 00:58:34,"[""2021-10-16""]",[2.6858417987823486],"[""Mitte-Rechts""]","[""""]","[""00:57:56""]",[0.8952805995941162],16.10.2021 00:58:34,DeutscheBarytIndustrieOwlEye
"""616a080f41040000510026b3""",16.10.2021 01:00:30,"[""2021-10-16""]",[2.510845184326172],"[""Mitte-Rechts""]","[""""]","[""00:59:56""]",[0.8369483947753906],16.10.2021 01:00:30,DeutscheBarytIndustrieOwlEye
"""616a088c41040000510026e3""",16.10.2021 01:02:36,"[""2021-10-16""]",[2.596269130706787],"[""Mitte-Rechts""]","[""""]","[""01:01:56""]",[0.8654230237007141],16.10.2021 01:02:36,DeutscheBarytIndustrieOwlEye
"""616a08ff4104000051002713""",16.10.2021 01:04:30,"[""2021-10-16""]",[3.566054344177246],"[""Mitte-Rechts""]","[""""]","[""01:03:56""]",[1.1886848211288452],16.10.2021 01:04:30,DeutscheBarytIndustrieOwlEye
"""616a09774104000051002743""",16.10.2021 01:06:31,"[""2021-10-16""]",[2.5242631435394287],"[""Mitte-Rechts""]","[""""]","[""01:05:56""]",[0.8414210677146912],16.10.2021 01:06:31,DeutscheBarytIndustrieOwlEye
"""616a09ef4104000051002773""",16.10.2021 01:08:30,"[""2021-10-16""]",[3.488884449005127],"[""Mitte-Rechts""]","[""""]","[""01:07:56""]",[1.162961483001709],16.10.2021 01:08:30,DeutscheBarytIndustrieOwlEye
"""616a193b3b53000068003b83""",16.10.2021 02:13:47,"[""2021-10-16""]",[2.708742618560791],"[""Mitte-Rechts""]","[""""]","[""02:13:11""]",[0.9029141664505005],16.10.2021 02:13:47,DeutscheBarytIndustrieOwlEye
"""616a19b83b53000068003bb3""",16.10.2021 02:15:51,"[""2021-10-16""]",[3.1370813846588135],"[""Mitte-Rechts""]","[""""]","[""02:15:17""]",[1.0456937551498413],16.10.2021 02:15:51,DeutscheBarytIndustrieOwlEye
"""616a1a303b53000068003be3""",16.10.2021 02:17:52,"[""2021-10-16""]",[3.3879644870758057],"[""Mitte-Rechts""]","[""""]","[""02:17:17""]",[1.1293214559555054],16.10.2021 02:17:52,DeutscheBarytIndustrieOwlEye
"""616a1aac3b53000068003c13""",16.10.2021 02:19:56,"[""2021-10-16""]",[3.591693639755249],"[""Mitte-Rechts""]","[""""]","[""02:19:17""]",[1.1972311735153198],16.10.2021 02:19:56,DeutscheBarytIndustrieOwlEye
"""616a1b223b53000068003c43""",16.10.2021 02:21:54,"[""2021-10-16""]",[3.327768325805664],"[""Mitte-Rechts""]","[""""]","[""02:21:17""]",[1.1092561483383179],16.10.2021 02:21:54,DeutscheBarytIndustrieOwlEye
"""616a1b9a3b53000068003c73""",16.10.2021 02:23:53,"[""2021-10-16""]",[3.1765248775482178],"[""Mitte-Rechts""]","[""""]","[""02:23:17""]",[1.058841586112976],16.10.2021 02:23:53,DeutscheBarytIndustrieOwlEye
"""616a1c153b53000068003ca3""",16.10.2021 02:25:57,"[""2021-10-16""]",[0.2772412598133087],"[""Mitte-Rechts""]","[""""]","[""02:25:17""]",[0.0924137532711029],16.10.2021 02:25:57,DeutscheBarytIndustrieOwlEye
"""616a1c8d3b53000068003cd3""",16.10.2021 02:27:57,"[""2021-10-16""]",[3.0592238903045654],"[""Mitte-Rechts""]","[""""]","[""02:27:17""]",[1.0197412967681885],16.10.2021 02:27:57,DeutscheBarytIndustrieOwlEye
"""616a1d013b53000068003d03""",16.10.2021 02:29:52,"[""2021-10-16""]",[3.4463047981262207],"[""Mitte-Rechts""]","[""""]","[""02:29:17""]",[1.1487683057785034],16.10.2021 02:29:52,DeutscheBarytIndustrieOwlEye
"""616a1d773b53000068003d33""",16.10.2021 02:31:51,"[""2021-10-16""]",[0.21663610637187958],"[""Mitte-Rechts""]","[""""]","[""02:31:17""]",[0.07221203297376633],16.10.2021 02:31:51,DeutscheBarytIndustrieOwlEye
"""616a1def3b53000068003d63""",16.10.2021 02:33:51,"[""2021-10-16""]",[2.8106071949005127],"[""Mitte-Rechts""]","[""""]","[""02:33:17""]",[0.9368690252304077],16.10.2021 02:33:51,DeutscheBarytIndustrieOwlEye
"""616a1e673b53000068003d93""",16.10.2021 02:35:51,"[""2021-10-16""]",[2.7097437381744385],"[""Mitte-Rechts""]","[""""]","[""02:35:17""]",[0.9032479524612427],16.10.2021 02:35:51,DeutscheBarytIndustrieOwlEye
"""616a1edf3b53000068003dc3""",16.10.2021 02:37:51,"[""2021-10-16""]",[3.2182137966156006],"[""Mitte-Rechts""]","[""""]","[""02:37:17""]",[1.0727379322052002],16.10.2021 02:37:51,DeutscheBarytIndustrieOwlEye
"""616a1f573b53000068003df3""",16.10.2021 02:39:51,"[""2021-10-16""]",[3.9702816009521484],"[""Mitte-Rechts""]","[""""]","[""02:39:17""]",[1.3234272003173828],16.10.2021 02:39:51,DeutscheBarytIndustrieOwlEye
"""616a1fd03b53000068003e23""",16.10.2021 02:41:51,"[""2021-10-16""]",[3.1301684379577637],"[""Mitte-Rechts""]","[""""]","[""02:41:17""]",[1.0433894395828247],16.10.2021 02:41:51,DeutscheBarytIndustrieOwlEye
"""616a5d5a6c2600003f000f95""",16.10.2021 07:04:26,"[""2021-10-16""]",[0.19358354806900024],"[""Mitte-Rechts""]","[""""]","[""07:03:59""]",[0.06452784687280655],16.10.2021 07:04:26,DeutscheBarytIndustrieOwlEye
"""616a6a576c2600003f000fc5""",16.10.2021 07:59:51,"[""2021-10-16""]",[3.403258800506592],"[""Mitte-Rechts""]","[""""]","[""07:59:23""]",[1.134419560432434],16.10.2021 07:59:51,DeutscheBarytIndustrieOwlEye
"""616a6bf96c2600003f000ff5""",16.10.2021 08:06:48,"[""2021-10-16""]",[0.20780767500400543],"[""Mitte-Rechts""]","[""""]","[""08:06:21""]",[0.06926922500133514],16.10.2021 08:06:48,DeutscheBarytIndustrieOwlEye
"""616a6d9e6c2600003f001025""",16.10.2021 08:13:50,"[""2021-10-16""]",[2.864692211151123],"[""Mitte-Rechts""]","[""""]","[""08:13:21""]",[0.954897403717041],16.10.2021 08:13:50,DeutscheBarytIndustrieOwlEye
"""616a6f406c2600003f001055""",16.10.2021 08:20:48,"[""2021-10-16""]",[2.888080358505249],"[""Mitte-Rechts""]","[""""]","[""08:20:21""]",[0.9626935124397278],16.10.2021 08:20:48,DeutscheBarytIndustrieOwlEye
"""616a70e46c2600003f001085""",16.10.2021 08:27:48,"[""2021-10-16""]",[3.138641834259033],"[""Mitte-Rechts""]","[""""]","[""08:27:21""]",[1.0462138652801514],16.10.2021 08:27:48,DeutscheBarytIndustrieOwlEye
"""616a72896c2600003f0010b5""",16.10.2021 08:34:48,"[""2021-10-16""]",[3.0076820850372314],"[""Mitte-Rechts""]","[""""]","[""08:34:21""]",[1.0025607347488403],16.10.2021 08:34:48,DeutscheBarytIndustrieOwlEye
"""616a742e6c2600003f0010e7""",16.10.2021 08:41:50,"[""2021-10-16""]",[3.6571476459503174],"[""Mitte-Rechts""]","[""""]","[""08:41:21""]",[1.2190492153167725],16.10.2021 08:41:50,DeutscheBarytIndustrieOwlEye
"""616a75d06c2600003f001117""",16.10.2021 08:48:48,"[""2021-10-16""]",[2.9373700618743896],"[""Mitte-Rechts""]","[""""]","[""08:48:21""]",[0.9791233539581299],16.10.2021 08:48:48,DeutscheBarytIndustrieOwlEye
"""616a77746c2600003f001147""",16.10.2021 08:55:48,"[""2021-10-16""]",[2.635192394256592],"[""Mitte-Rechts""]","[""""]","[""08:55:21""]",[0.8783974647521973],16.10.2021 08:55:48,DeutscheBarytIndustrieOwlEye
"""616a79196c2600003f001177""",16.10.2021 09:02:48,"[""2021-10-16""]",[3.1641225814819336],"[""Mitte-Rechts""]","[""""]","[""09:02:21""]",[1.0547075271606445],16.10.2021 09:02:48,DeutscheBarytIndustrieOwlEye
"""616a7abc6c2600003f0011a7""",16.10.2021 09:09:48,"[""2021-10-16""]",[3.0927085876464844],"[""Mitte-Rechts""]","[""""]","[""09:09:21""]",[1.0309028625488281],16.10.2021 09:09:48,DeutscheBarytIndustrieOwlEye
"""616a7c616c2600003f0011d7""",16.10.2021 09:16:49,"[""2021-10-16""]",[3.9894819259643555],"[""Mitte-Rechts""]","[""""]","[""09:16:21""]",[1.3298273086547852],16.10.2021 09:16:49,DeutscheBarytIndustrieOwlEye
"""616a7e056c2600003f001207""",16.10.2021 09:23:48,"[""2021-10-16""]",[2.8920273780822754],"[""Mitte-Rechts""]","[""""]","[""09:23:21""]",[0.9640091061592102],16.10.2021 09:23:48,DeutscheBarytIndustrieOwlEye
"""616a7fa86c2600003f001237""",16.10.2021 09:30:48,"[""2021-10-16""]",[3.211890697479248],"[""Mitte-Rechts""]","[""""]","[""09:30:21""]",[1.0706303119659424],16.10.2021 09:30:48,DeutscheBarytIndustrieOwlEye
"""616a814c6c2600003f001267""",16.10.2021 09:37:48,"[""2021-10-16""]",[3.2730395793914795],"[""Mitte-Rechts""]","[""""]","[""09:37:21""]",[1.0910131931304932],16.10.2021 09:37:48,DeutscheBarytIndustrieOwlEye
"""616a82f06c2600003f001297""",16.10.2021 09:44:48,"[""2021-10-16""]",[4.347991943359375],"[""Mitte-Rechts""]","[""""]","[""09:44:21""]",[1.4493305683135986],16.10.2021 09:44:48,DeutscheBarytIndustrieOwlEye
"""616a84956c2600003f0012c7""",16.10.2021 09:51:48,"[""2021-10-16""]",[3.645425319671631],"[""Mitte-Rechts""]","[""""]","[""09:51:21""]",[1.215141773223877],16.10.2021 09:51:48,DeutscheBarytIndustrieOwlEye
"""616a86396c2600003f0012f7""",16.10.2021 09:58:49,"[""2021-10-16""]",[3.9354662895202637],"[""Mitte-Rechts""]","[""""]","[""09:58:21""]",[1.3118221759796143],16.10.2021 09:58:49,DeutscheBarytIndustrieOwlEye
"""616a87dd6c2600003f001327""",16.10.2021 10:05:48,"[""2021-10-16""]",[3.8089001178741455],"[""Mitte-Rechts""]","[""""]","[""10:05:21""]",[1.2696332931518555],16.10.2021 10:05:48,DeutscheBarytIndustrieOwlEye
"""616a89816c2600003f001357""",16.10.2021 10:12:48,"[""2021-10-16""]",[3.809001922607422],"[""Mitte-Rechts""]","[""""]","[""10:12:21""]",[1.2696672677993774],16.10.2021 10:12:48,DeutscheBarytIndustrieOwlEye
"""616a8b246c2600003f001387""",16.10.2021 10:19:48,"[""2021-10-16""]",[4.2652997970581055],"[""Mitte-Rechts""]","[""""]","[""10:19:21""]",[1.4217666387557983],16.10.2021 10:19:48,DeutscheBarytIndustrieOwlEye
"""616a8cc86c2600003f0013b7""",16.10.2021 10:26:48,"[""2021-10-16""]",[3.9136698246002197],"[""Mitte-Rechts""]","[""""]","[""10:26:21""]",[1.3045566082000732],16.10.2021 10:26:48,DeutscheBarytIndustrieOwlEye
"""616a8e6b6c2600003f0013e7""",16.10.2021 10:33:47,"[""2021-10-16""]",[3.9102652072906494],"[""Mitte-Rechts""]","[""""]","[""10:33:21""]",[1.3034217357635498],16.10.2021 10:33:47,DeutscheBarytIndustrieOwlEye
"""616a90106c2600003f001417""",16.10.2021 10:40:48,"[""2021-10-16""]",[4.046111106872559],"[""Mitte-Rechts""]","[""""]","[""10:40:21""]",[1.3487036228179932],16.10.2021 10:40:48,DeutscheBarytIndustrieOwlEye
"""616a91b46c2600003f001447""",16.10.2021 10:47:48,"[""2021-10-16""]",[4.59620475769043],"[""Mitte-Rechts""]","[""""]","[""10:47:21""]",[1.5320683717727661],16.10.2021 10:47:48,DeutscheBarytIndustrieOwlEye
"""616a93596c2600003f001477""",16.10.2021 10:54:48,"[""2021-10-16""]",[4.73966646194458],"[""Mitte-Rechts""]","[""""]","[""10:54:21""]",[1.5798888206481934],16.10.2021 10:54:48,DeutscheBarytIndustrieOwlEye
"""616a93c06c2600003f0014a7""",16.10.2021 10:56:31,"[""2021-10-16""]",[4.451106548309326],"[""Mitte-Rechts""]","[""""]","[""10:56:04""]",[1.483702301979065],16.10.2021 10:56:31,DeutscheBarytIndustrieOwlEye
"""616a94fc6c2600003f0014d7""",16.10.2021 11:01:48,"[""2021-10-16""]",[4.516788959503174],"[""Mitte-Rechts""]","[""""]","[""11:01:21""]",[1.5055962800979614],16.10.2021 11:01:48,DeutscheBarytIndustrieOwlEye
"""616a96a06c2600003f001507""",16.10.2021 11:08:48,"[""2021-10-16""]",[5.751895904541016],"[""Mitte-Rechts""]","[""""]","[""11:08:21""]",[1.917298674583435],16.10.2021 11:08:48,DeutscheBarytIndustrieOwlEye
"""616a98446c2600003f001537""",16.10.2021 11:15:48,"[""2021-10-16""]",[3.675541400909424],"[""Mitte-Rechts""]","[""""]","[""11:15:21""]",[1.2251805067062378],16.10.2021 11:15:48,DeutscheBarytIndustrieOwlEye
"""616a99e86c2600003f001567""",16.10.2021 11:22:48,"[""2021-10-16""]",[4.279893398284912],"[""Mitte-Rechts""]","[""""]","[""11:22:21""]",[1.4266310930252075],16.10.2021 11:22:48,DeutscheBarytIndustrieOwlEye
"""616a9b8c6c2600003f001597""",16.10.2021 11:29:48,"[""2021-10-16""]",[4.472487926483154],"[""Mitte-Rechts""]","[""""]","[""11:29:21""]",[1.4908292293548584],16.10.2021 11:29:48,DeutscheBarytIndustrieOwlEye
"""616a9d306c2600003f0015c7""",16.10.2021 11:36:48,"[""2021-10-16""]",[4.574421405792236],"[""Mitte-Rechts""]","[""""]","[""11:36:21""]",[1.524807095527649],16.10.2021 11:36:48,DeutscheBarytIndustrieOwlEye
"""616a9ed46c2600003f0015f7""",16.10.2021 11:43:48,"[""2021-10-16""]",[3.6676037311553955],"[""Mitte-Rechts""]","[""""]","[""11:43:21""]",[1.2225345373153687],16.10.2021 11:43:48,DeutscheBarytIndustrieOwlEye
"""616aa0786c2600003f001627""",16.10.2021 11:50:48,"[""2021-10-16""]",[5.076760768890381],"[""Mitte-Rechts""]","[""""]","[""11:50:21""]",[1.692253589630127],16.10.2021 11:50:48,DeutscheBarytIndustrieOwlEye
"""616aa21d6c2600003f001657""",16.10.2021 11:57:48,"[""2021-10-16""]",[4.643101215362549],"[""Mitte-Rechts""]","[""""]","[""11:57:21""]",[1.5477004051208496],16.10.2021 11:57:48,DeutscheBarytIndustrieOwlEye
"""616aa3c06c2600003f001687""",16.10.2021 12:04:48,"[""2021-10-16""]",[4.715503692626953],"[""Mitte-Rechts""]","[""""]","[""12:04:21""]",[1.571834683418274],16.10.2021 12:04:48,DeutscheBarytIndustrieOwlEye
"""616aa5646c2600003f0016b7""",16.10.2021 12:11:48,"[""2021-10-16""]",[4.339455604553223],"[""Mitte-Rechts""]","[""""]","[""12:11:21""]",[1.446485161781311],16.10.2021 12:11:48,DeutscheBarytIndustrieOwlEye
"""616aa7096c2600003f0016e7""",16.10.2021 12:18:49,"[""2021-10-16""]",[4.5785136222839355],"[""Mitte-Rechts""]","[""""]","[""12:18:21""]",[1.5261712074279785],16.10.2021 12:18:49,DeutscheBarytIndustrieOwlEye
"""616aa8ad6c2600003f001717""",16.10.2021 12:25:48,"[""2021-10-16""]",[4.829274654388428],"[""Mitte-Rechts""]","[""""]","[""12:25:21""]",[1.6097581386566162],16.10.2021 12:25:48,DeutscheBarytIndustrieOwlEye
"""616aaa516c2600003f001747""",16.10.2021 12:32:49,"[""2021-10-16""]",[4.516580104827881],"[""Mitte-Rechts""]","[""""]","[""12:32:21""]",[1.5055267810821533],16.10.2021 12:32:49,DeutscheBarytIndustrieOwlEye
"""616aabf56c2600003f001777""",16.10.2021 12:39:49,"[""2021-10-16""]",[4.604000568389893],"[""Mitte-Rechts""]","[""""]","[""12:39:21""]",[1.5346667766571045],16.10.2021 12:39:49,DeutscheBarytIndustrieOwlEye
"""616aad986c2600003f0017a7""",16.10.2021 12:46:48,"[""2021-10-16""]",[4.635418891906738],"[""Mitte-Rechts""]","[""""]","[""12:46:21""]",[1.5451396703720093],16.10.2021 12:46:48,DeutscheBarytIndustrieOwlEye
"""616aaf3c6c2600003f0017d7""",16.10.2021 12:53:48,"[""2021-10-16""]",[4.164477825164795],"[""Mitte-Rechts""]","[""""]","[""12:53:21""]",[1.3881593942642212],16.10.2021 12:53:48,DeutscheBarytIndustrieOwlEye
"""616ab0e16c2600003f001807""",16.10.2021 13:00:48,"[""2021-10-16""]",[5.431587219238281],"[""Mitte-Rechts""]","[""""]","[""13:00:21""]",[1.810529112815857],16.10.2021 13:00:48,DeutscheBarytIndustrieOwlEye
"""616ab2846c2600003f001837""",16.10.2021 13:07:48,"[""2021-10-16""]",[5.212186813354492],"[""Mitte-Rechts""]","[""""]","[""13:07:21""]",[1.7373955249786377],16.10.2021 13:07:48,DeutscheBarytIndustrieOwlEye
"""616ab4286c2600003f001867""",16.10.2021 13:14:48,"[""2021-10-16""]",[4.892021179199219],"[""Mitte-Rechts""]","[""""]","[""13:14:21""]",[1.6306736469268799],16.10.2021 13:14:48,DeutscheBarytIndustrieOwlEye
"""616ab5cc6c2600003f001897""",16.10.2021 13:21:48,"[""2021-10-16""]",[5.6668572425842285],"[""Mitte-Rechts""]","[""""]","[""13:21:21""]",[1.888952374458313],16.10.2021 13:21:48,DeutscheBarytIndustrieOwlEye
"""616ab7706c2600003f0018c7""",16.10.2021 13:28:47,"[""2021-10-16""]",[5.132063388824463],"[""Mitte-Rechts""]","[""""]","[""13:28:21""]",[1.7106877565383911],16.10.2021 13:28:47,DeutscheBarytIndustrieOwlEye
"""616ab9146c2600003f0018f7""",16.10.2021 13:35:48,"[""2021-10-16""]",[5.011358737945557],"[""Mitte-Rechts""]","[""""]","[""13:35:21""]",[1.6704529523849487],16.10.2021 13:35:48,DeutscheBarytIndustrieOwlEye
"""616abab86c2600003f001927""",16.10.2021 13:42:48,"[""2021-10-16""]",[5.325581073760986],"[""Mitte-Rechts""]","[""""]","[""13:42:21""]",[1.775193691253662],16.10.2021 13:42:48,DeutscheBarytIndustrieOwlEye
"""616abc5c6c2600003f001957""",16.10.2021 13:49:48,"[""2021-10-16""]",[5.414972305297852],"[""Mitte-Rechts""]","[""""]","[""13:49:21""]",[1.8049908876419067],16.10.2021 13:49:48,DeutscheBarytIndustrieOwlEye
"""616abe006c2600003f001987""",16.10.2021 13:56:48,"[""2021-10-16""]",[4.66859769821167],"[""Mitte-Rechts""]","[""""]","[""13:56:21""]",[1.5561991930007935],16.10.2021 13:56:48,DeutscheBarytIndustrieOwlEye
"""616abfa46c2600003f0019b7""",16.10.2021 14:03:48,"[""2021-10-16""]",[4.723738670349121],"[""Mitte-Rechts""]","[""""]","[""14:03:21""]",[1.5745794773101807],16.10.2021 14:03:48,DeutscheBarytIndustrieOwlEye
"""616ac1486c2600003f0019e7""",16.10.2021 14:10:48,"[""2021-10-16""]",[4.7968010902404785],"[""Mitte-Rechts""]","[""""]","[""14:10:21""]",[1.5989335775375366],16.10.2021 14:10:48,DeutscheBarytIndustrieOwlEye
"""616ac2ec6c2600003f001a17""",16.10.2021 14:17:48,"[""2021-10-16""]",[4.765448093414307],"[""Mitte-Rechts""]","[""""]","[""14:17:21""]",[1.5884827375411987],16.10.2021 14:17:48,DeutscheBarytIndustrieOwlEye
"""616ac4906c2600003f001a47""",16.10.2021 14:24:48,"[""2021-10-16""]",[4.9536590576171875],"[""Mitte-Rechts""]","[""""]","[""14:24:21""]",[1.6512197256088257],16.10.2021 14:24:48,DeutscheBarytIndustrieOwlEye
"""616ac6356c2600003f001a77""",16.10.2021 14:31:49,"[""2021-10-16""]",[4.469130039215088],"[""Mitte-Rechts""]","[""""]","[""14:31:21""]",[1.4897100925445557],16.10.2021 14:31:49,DeutscheBarytIndustrieOwlEye
"""616ac7d86c2600003f001aa7""",16.10.2021 14:38:48,"[""2021-10-16""]",[4.775898456573486],"[""Mitte-Rechts""]","[""""]","[""14:38:21""]",[1.5919660329818726],16.10.2021 14:38:48,DeutscheBarytIndustrieOwlEye
"""616ac97c6c2600003f001ad7""",16.10.2021 14:45:48,"[""2021-10-16""]",[5.096606731414795],"[""Mitte-Rechts""]","[""""]","[""14:45:21""]",[1.698868989944458],16.10.2021 14:45:48,DeutscheBarytIndustrieOwlEye
"""616acfc2f97a0000240066f4""",16.10.2021 15:12:34,"[""2021-10-16""]",[4.23610258102417],"[""Mitte-Rechts""]","[""""]","[""15:12:01""]",[1.4120341539382935],16.10.2021 15:12:34,DeutscheBarytIndustrieOwlEye
"""616ad14675250000ce00611d""",16.10.2021 15:19:02,"[""2021-10-16""]",[46.652587890625],"[""Mitte-Rechts""]","[""""]","[""15:18:44""]",[15.550863265991211],16.10.2021 15:19:02,DeutscheBarytIndustrieOwlEye
"""616ad263cd5800005b006515""",16.10.2021 15:23:47,"[""2021-10-16""]",[12.524813652038574],"[""Mitte-Rechts""]","[""""]","[""15:23:33""]",[4.174937725067139],16.10.2021 15:23:47,DeutscheBarytIndustrieOwlEye
"""616ad296cd5800005b00653f""",16.10.2021 15:24:38,"[""2021-10-16""]",[4.483250617980957],"[""Mitte-Rechts""]","[""""]","[""15:23:58""]",[1.4944169521331787],16.10.2021 15:24:38,DeutscheBarytIndustrieOwlEye
"""616ad3bfcd5800005b00656f""",16.10.2021 15:29:34,"[""2021-10-16""]",[4.389217853546143],"[""Mitte-Rechts""]","[""""]","[""15:28:59""]",[1.4630725383758545],16.10.2021 15:29:34,DeutscheBarytIndustrieOwlEye
"""616ad4b1cd5800005b00659f""",16.10.2021 15:33:36,"[""2021-10-16""]",[4.47393798828125],"[""Mitte-Rechts""]","[""""]","[""15:32:59""]",[1.4913126230239868],16.10.2021 15:33:36,DeutscheBarytIndustrieOwlEye
"""616ad8248a6d000019006085""",16.10.2021 15:48:20,"[""2021-10-16""]",[4.427799224853516],"[""Mitte-Rechts""]","[""""]","[""15:47:52""]",[1.4759330749511719],16.10.2021 15:48:20,DeutscheBarytIndustrieOwlEye
"""616ad8d08a6d0000190060b5""",16.10.2021 15:51:11,"[""2021-10-16""]",[4.765950679779053],"[""Mitte-Rechts""]","[""""]","[""15:50:45""]",[1.588650107383728],16.10.2021 15:51:11,DeutscheBarytIndustrieOwlEye
"""616ad9858a6d0000190060e5""",16.10.2021 15:54:12,"[""2021-10-16""]",[4.8618693351745605],"[""Mitte-Rechts""]","[""""]","[""15:53:45""]",[1.6206231117248535],16.10.2021 15:54:12,DeutscheBarytIndustrieOwlEye
"""616ada398a6d000019006115""",16.10.2021 15:57:13,"[""2021-10-16""]",[4.847354412078857],"[""Mitte-Rechts""]","[""""]","[""15:56:45""]",[1.615784764289856],16.10.2021 15:57:13,DeutscheBarytIndustrieOwlEye
"""616adaec8a6d000019006145""",16.10.2021 16:00:12,"[""2021-10-16""]",[4.054461479187012],"[""Mitte-Rechts""]","[""""]","[""15:59:45""]",[1.351487159729004],16.10.2021 16:00:12,DeutscheBarytIndustrieOwlEye
"""616adba08a6d000019006175""",16.10.2021 16:03:12,"[""2021-10-16""]",[4.383315086364746],"[""Mitte-Rechts""]","[""""]","[""16:02:45""]",[1.4611049890518188],16.10.2021 16:03:12,DeutscheBarytIndustrieOwlEye
"""616adc548a6d0000190061a5""",16.10.2021 16:06:12,"[""2021-10-16""]",[4.622493267059326],"[""Mitte-Rechts""]","[""""]","[""16:05:45""]",[1.5408309698104858],16.10.2021 16:06:12,DeutscheBarytIndustrieOwlEye
"""616add088a6d0000190061d5""",16.10.2021 16:09:12,"[""2021-10-16""]",[4.4162750244140625],"[""Mitte-Rechts""]","[""""]","[""16:08:45""]",[1.4720916748046875],16.10.2021 16:09:12,DeutscheBarytIndustrieOwlEye
"""616addbc8a6d000019006205""",16.10.2021 16:12:12,"[""2021-10-16""]",[4.854855060577393],"[""Mitte-Rechts""]","[""""]","[""16:11:45""]",[1.6182849407196045],16.10.2021 16:12:12,DeutscheBarytIndustrieOwlEye
"""616ade708a6d000019006235""",16.10.2021 16:15:12,"[""2021-10-16""]",[5.301516056060791],"[""Mitte-Rechts""]","[""""]","[""16:14:45""]",[1.7671719789505005],16.10.2021 16:15:12,DeutscheBarytIndustrieOwlEye
"""616adf248a6d000019006265""",16.10.2021 16:18:12,"[""2021-10-16""]",[5.371195316314697],"[""Mitte-Rechts""]","[""""]","[""16:17:45""]",[1.7903984785079956],16.10.2021 16:18:12,DeutscheBarytIndustrieOwlEye
"""616adfd78a6d000019006295""",16.10.2021 16:21:11,"[""2021-10-16""]",[4.265351295471191],"[""Mitte-Rechts""]","[""""]","[""16:20:45""]",[1.421783685684204],16.10.2021 16:21:11,DeutscheBarytIndustrieOwlEye
"""616ae08b8a6d0000190062c5""",16.10.2021 16:24:11,"[""2021-10-16""]",[4.3323187828063965],"[""Mitte-Rechts""]","[""""]","[""16:23:45""]",[1.4441063404083252],16.10.2021 16:24:11,DeutscheBarytIndustrieOwlEye
"""616ae13f8a6d0000190062f5""",16.10.2021 16:27:11,"[""2021-10-16""]",[4.169192314147949],"[""Mitte-Rechts""]","[""""]","[""16:26:45""]",[1.3897308111190796],16.10.2021 16:27:11,DeutscheBarytIndustrieOwlEye
"""616ae1f48a6d000019006325""",16.10.2021 16:30:11,"[""2021-10-16""]",[4.582216262817383],"[""Mitte-Rechts""]","[""""]","[""16:29:45""]",[1.5274053812026978],16.10.2021 16:30:11,DeutscheBarytIndustrieOwlEye
"""616ae2a88a6d000019006355""",16.10.2021 16:33:12,"[""2021-10-16""]",[4.915095329284668],"[""Mitte-Rechts""]","[""""]","[""16:32:45""]",[1.6383651494979858],16.10.2021 16:33:12,DeutscheBarytIndustrieOwlEye
"""616ae35c8a6d000019006385""",16.10.2021 16:36:12,"[""2021-10-16""]",[4.373411178588867],"[""Mitte-Rechts""]","[""""]","[""16:35:45""]",[1.457803726196289],16.10.2021 16:36:12,DeutscheBarytIndustrieOwlEye
"""616ae4118a6d0000190063b5""",16.10.2021 16:39:13,"[""2021-10-16""]",[5.092655181884766],"[""Mitte-Rechts""]","[""""]","[""16:38:45""]",[1.6975517272949219],16.10.2021 16:39:13,DeutscheBarytIndustrieOwlEye
"""616ae4c48a6d0000190063e5""",16.10.2021 16:42:12,"[""2021-10-16""]",[4.366745471954346],"[""Mitte-Rechts""]","[""""]","[""16:41:45""]",[1.455581784248352],16.10.2021 16:42:12,DeutscheBarytIndustrieOwlEye
"""616ae5788a6d000019006415""",16.10.2021 16:45:12,"[""2021-10-16""]",[4.584047317504883],"[""Mitte-Rechts""]","[""""]","[""16:44:45""]",[1.5280157327651978],16.10.2021 16:45:12,DeutscheBarytIndustrieOwlEye
"""616ae62c8a6d000019006445""",16.10.2021 16:48:12,"[""2021-10-16""]",[4.612390518188477],"[""Mitte-Rechts""]","[""""]","[""16:47:45""]",[1.5374635457992554],16.10.2021 16:48:12,DeutscheBarytIndustrieOwlEye
"""616ae6e08a6d000019006475""",16.10.2021 16:51:12,"[""2021-10-16""]",[4.526059627532959],"[""Mitte-Rechts""]","[""""]","[""16:50:45""]",[1.5086865425109863],16.10.2021 16:51:12,DeutscheBarytIndustrieOwlEye
"""616ae7948a6d0000190064a5""",16.10.2021 16:54:12,"[""2021-10-16""]",[4.605090618133545],"[""Mitte-Rechts""]","[""""]","[""16:53:45""]",[1.5350302457809448],16.10.2021 16:54:12,DeutscheBarytIndustrieOwlEye
"""616ae8488a6d0000190064d5""",16.10.2021 16:57:12,"[""2021-10-16""]",[4.785698890686035],"[""Mitte-Rechts""]","[""""]","[""16:56:45""]",[1.5952330827713013],16.10.2021 16:57:12,DeutscheBarytIndustrieOwlEye
"""616ae8fc8a6d000019006505""",16.10.2021 17:00:12,"[""2021-10-16""]",[4.871894836425781],"[""Mitte-Rechts""]","[""""]","[""16:59:45""]",[1.6239649057388306],16.10.2021 17:00:12,DeutscheBarytIndustrieOwlEye
"""616ae9af8a6d000019006535""",16.10.2021 17:03:11,"[""2021-10-16""]",[5.224722385406494],"[""Mitte-Rechts""]","[""""]","[""17:02:45""]",[1.7415740489959717],16.10.2021 17:03:11,DeutscheBarytIndustrieOwlEye
"""616aea638a6d000019006565""",16.10.2021 17:06:11,"[""2021-10-16""]",[4.875574111938477],"[""Mitte-Rechts""]","[""""]","[""17:05:45""]",[1.625191330909729],16.10.2021 17:06:11,DeutscheBarytIndustrieOwlEye
"""616aeb188a6d000019006595""",16.10.2021 17:09:12,"[""2021-10-16""]",[3.908524513244629],"[""Mitte-Rechts""]","[""""]","[""17:08:45""]",[1.3028415441513062],16.10.2021 17:09:12,DeutscheBarytIndustrieOwlEye
"""616aebcc8a6d0000190065c5""",16.10.2021 17:12:11,"[""2021-10-16""]",[4.716904640197754],"[""Mitte-Rechts""]","[""""]","[""17:11:45""]",[1.5723015069961548],16.10.2021 17:12:11,DeutscheBarytIndustrieOwlEye
"""616aec7f8a6d0000190065f5""",16.10.2021 17:15:11,"[""2021-10-16""]",[4.368162631988525],"[""Mitte-Rechts""]","[""""]","[""17:14:45""]",[1.4560542106628418],16.10.2021 17:15:11,DeutscheBarytIndustrieOwlEye
"""616aed348a6d000019006625""",16.10.2021 17:18:12,"[""2021-10-16""]",[3.950822591781616],"[""Mitte-Rechts""]","[""""]","[""17:17:45""]",[1.3169409036636353],16.10.2021 17:18:12,DeutscheBarytIndustrieOwlEye
"""616aede88a6d000019006655""",16.10.2021 17:21:12,"[""2021-10-16""]",[4.327605247497559],"[""Mitte-Rechts""]","[""""]","[""17:20:45""]",[1.4425350427627563],16.10.2021 17:21:12,DeutscheBarytIndustrieOwlEye
"""616aee9c8a6d000019006685""",16.10.2021 17:24:12,"[""2021-10-16""]",[4.6388092041015625],"[""Mitte-Rechts""]","[""""]","[""17:23:45""]",[1.5462696552276611],16.10.2021 17:24:12,DeutscheBarytIndustrieOwlEye
"""616aef508a6d0000190066b5""",16.10.2021 17:27:12,"[""2021-10-16""]",[4.671727657318115],"[""Mitte-Rechts""]","[""""]","[""17:26:45""]",[1.5572426319122314],16.10.2021 17:27:12,DeutscheBarytIndustrieOwlEye
"""616af0048a6d0000190066e5""",16.10.2021 17:30:12,"[""2021-10-16""]",[5.306670665740967],"[""Mitte-Rechts""]","[""""]","[""17:29:45""]",[1.7688902616500854],16.10.2021 17:30:12,DeutscheBarytIndustrieOwlEye
"""616af0b88a6d000019006715""",16.10.2021 17:33:12,"[""2021-10-16""]",[3.968648672103882],"[""Mitte-Rechts""]","[""""]","[""17:32:45""]",[1.322882890701294],16.10.2021 17:33:12,DeutscheBarytIndustrieOwlEye
"""616af16d8a6d000019006745""",16.10.2021 17:36:13,"[""2021-10-16""]",[4.2274651527404785],"[""Mitte-Rechts""]","[""""]","[""17:35:45""]",[1.409155011177063],16.10.2021 17:36:13,DeutscheBarytIndustrieOwlEye
"""616af2208a6d000019006775""",16.10.2021 17:39:12,"[""2021-10-16""]",[4.598515510559082],"[""Mitte-Rechts""]","[""""]","[""17:38:45""]",[1.5328384637832642],16.10.2021 17:39:12,DeutscheBarytIndustrieOwlEye
"""616af2d58a6d0000190067a5""",16.10.2021 17:42:12,"[""2021-10-16""]",[4.6241021156311035],"[""Mitte-Rechts""]","[""""]","[""17:41:45""]",[1.5413674116134644],16.10.2021 17:42:12,DeutscheBarytIndustrieOwlEye
"""616af3888a6d0000190067d5""",16.10.2021 17:45:12,"[""2021-10-16""]",[4.43720006942749],"[""Mitte-Rechts""]","[""""]","[""17:44:45""]",[1.4790667295455933],16.10.2021 17:45:12,DeutscheBarytIndustrieOwlEye
"""616af43c8a6d000019006805""",16.10.2021 17:48:12,"[""2021-10-16""]",[4.291512489318848],"[""Mitte-Rechts""]","[""""]","[""17:47:45""]",[1.4305042028427124],16.10.2021 17:48:12,DeutscheBarytIndustrieOwlEye
"""616af4ef8a6d000019006835""",16.10.2021 17:51:11,"[""2021-10-16""]",[3.228332757949829],"[""Mitte-Rechts""]","[""""]","[""17:50:45""]",[1.07611083984375],16.10.2021 17:51:11,DeutscheBarytIndustrieOwlEye
"""616af5a48a6d000019006865""",16.10.2021 17:54:11,"[""2021-10-16""]",[3.80293345451355],"[""Mitte-Rechts""]","[""""]","[""17:53:45""]",[1.2676445245742798],16.10.2021 17:54:11,DeutscheBarytIndustrieOwlEye
"""616af6578a6d000019006895""",16.10.2021 17:57:11,"[""2021-10-16""]",[3.6110305786132812],"[""Mitte-Rechts""]","[""""]","[""17:56:45""]",[1.2036768198013306],16.10.2021 17:57:11,DeutscheBarytIndustrieOwlEye
"""616af70b8a6d0000190068c5""",16.10.2021 18:00:11,"[""2021-10-16""]",[3.3522188663482666],"[""Mitte-Rechts""]","[""""]","[""17:59:45""]",[1.1174063682556152],16.10.2021 18:00:11,DeutscheBarytIndustrieOwlEye
"""616af7bf8a6d0000190068f5""",16.10.2021 18:03:11,"[""2021-10-16""]",[3.305696725845337],"[""Mitte-Rechts""]","[""""]","[""18:02:45""]",[1.1018989086151123],16.10.2021 18:03:11,DeutscheBarytIndustrieOwlEye
"""616af8748a6d000019006925""",16.10.2021 18:06:12,"[""2021-10-16""]",[4.605382919311523],"[""Mitte-Rechts""]","[""""]","[""18:05:45""]",[1.5351276397705078],16.10.2021 18:06:12,DeutscheBarytIndustrieOwlEye
"""616af9288a6d000019006955""",16.10.2021 18:09:12,"[""2021-10-16""]",[4.3682732582092285],"[""Mitte-Rechts""]","[""""]","[""18:08:45""]",[1.4560911655426025],16.10.2021 18:09:12,DeutscheBarytIndustrieOwlEye
"""616af9dd8a6d000019006985""",16.10.2021 18:12:12,"[""2021-10-16""]",[4.512422561645508],"[""Mitte-Rechts""]","[""""]","[""18:11:45""]",[1.5041407346725464],16.10.2021 18:12:12,DeutscheBarytIndustrieOwlEye
"""616afa908a6d0000190069b5""",16.10.2021 18:15:12,"[""2021-10-16""]",[5.423380374908447],"[""Mitte-Rechts""]","[""""]","[""18:14:45""]",[1.8077934980392456],16.10.2021 18:15:12,DeutscheBarytIndustrieOwlEye
"""616afb448a6d0000190069e5""",16.10.2021 18:18:12,"[""2021-10-16""]",[4.909962177276611],"[""Mitte-Rechts""]","[""""]","[""18:17:45""]",[1.6366541385650635],16.10.2021 18:18:12,DeutscheBarytIndustrieOwlEye
"""616b41ed1116000081006710""",16.10.2021 23:19:40,"[""2021-10-16""]",[0.053088780492544174],"[""Mitte-Rechts""]","[""""]","[""23:19:19""]",[0.017696261405944824],16.10.2021 23:19:40,DeutscheBarytIndustrieOwlEye
"""616bf2c0305600000c0039b5""",17.10.2021 11:54:08,"[""2021-10-17""]",[94.8775405883789],"[""Mitte-Rechts""]","[""""]","[""11:53:45""]",[31.62584686279297],17.10.2021 11:54:08,DeutscheBarytIndustrieOwlEye
"""616bf2f2305600000c0039dd""",17.10.2021 11:54:57,"[""2021-10-17""]",[93.210693359375],"[""Mitte-Rechts""]","[""""]","[""11:54:35""]",[31.070232391357422],17.10.2021 11:54:57,DeutscheBarytIndustrieOwlEye
"""616bf34b305600000c003a07""",17.10.2021 11:56:27,"[""2021-10-17""]",[7.869700908660889],"[""Mitte-Rechts""]","[""""]","[""11:56:01""]",[2.6232335567474365],17.10.2021 11:56:27,DeutscheBarytIndustrieOwlEye
"""616bf3aa305600000c003a2b""",17.10.2021 11:58:01,"[""2021-10-17""]",[2.7233829498291016],"[""Mitte-Rechts""]","[""""]","[""11:57:49""]",[0.9077943563461304],17.10.2021 11:58:01,DeutscheBarytIndustrieOwlEye
"""616c12ad305600000c003a85""",17.10.2021 14:10:21,"[""2021-10-17""]",[103.64823913574219],"[""Mitte-Rechts""]","[""""]","[""14:09:42""]",[34.54941177368164],17.10.2021 14:10:21,DeutscheBarytIndustrieOwlEye
"""616c1301305600000c003aa9""",17.10.2021 14:11:44,"[""2021-10-17""]",[109.8438720703125],"[""Mitte-Rechts""]","[""""]","[""14:11:05""]",[36.6146240234375],17.10.2021 14:11:44,DeutscheBarytIndustrieOwlEye
"""616c1b05305600000c003ad3""",17.10.2021 14:45:57,"[""2021-10-17""]",[92.86717987060547],"[""Mitte-Rechts""]","[""""]","[""14:45:17""]",[30.955726623535156],17.10.2021 14:45:57,DeutscheBarytIndustrieOwlEye
"""616c1c87305600000c003aff""",17.10.2021 14:52:23,"[""2021-10-17""]",[115.56706237792969],"[""Mitte-Rechts""]","[""""]","[""14:52:02""]",[38.52235412597656],17.10.2021 14:52:23,DeutscheBarytIndustrieOwlEye
"""616c1cee305600000c003b21""",17.10.2021 14:54:06,"[""2021-10-17""]",[84.87959289550781],"[""Mitte-Rechts""]","[""""]","[""14:53:59""]",[28.293195724487305],17.10.2021 14:54:06,DeutscheBarytIndustrieOwlEye
"""616d317b305600000c003b3d""",18.10.2021 10:34:03,"[""2021-10-18""]",[57.64179992675781],"[""Mitte-Rechts""]","[""""]","[""10:33:56""]",[19.213932037353516],18.10.2021 10:34:03,DeutscheBarytIndustrieOwlEye
"""616d3195305600000c003b65""",18.10.2021 10:34:28,"[""2021-10-18""]",[58.457481384277344],"[""Mitte-Rechts""]","[""""]","[""10:34:04""]",[19.48582649230957],18.10.2021 10:34:28,DeutscheBarytIndustrieOwlEye
"""616d39da305600000c003b8b""",18.10.2021 11:09:45,"[""2021-10-18""]",[2.327124834060669],"[""Mitte-Rechts""]","[""""]","[""11:09:32""]",[0.7757082581520081],18.10.2021 11:09:45,DeutscheBarytIndustrieOwlEye
"""616d39fd305600000c003bab""",18.10.2021 11:10:20,"[""2021-10-18""]",[2.2703943252563477],"[""Mitte-Rechts""]","[""""]","[""11:10:06""]",[0.7567981481552124],18.10.2021 11:10:20,DeutscheBarytIndustrieOwlEye
"""616d530c305600000c003bf9""",18.10.2021 12:57:16,"[""2021-10-18""]",[60.904762268066406],"[""Mitte-Rechts""]","[""""]","[""12:57:00""]",[20.30158805847168],18.10.2021 12:57:16,DeutscheBarytIndustrieOwlEye
"""616d5326305600000c003c07""",18.10.2021 12:57:42,"[""2021-10-18""]",[49.15603256225586],"[""Mitte-Rechts""]","[""""]","[""12:57:23""]",[16.385343551635742],18.10.2021 12:57:42,DeutscheBarytIndustrieOwlEye
"""616d550f305600000c003c1d""",18.10.2021 13:05:50,"[""2021-10-18""]",[64.26013946533203],"[""Mitte-Rechts""]","[""""]","[""13:05:42""]",[21.420045852661133],18.10.2021 13:05:50,DeutscheBarytIndustrieOwlEye
"""616d5543305600000c003c35""",18.10.2021 13:06:43,"[""2021-10-18""]",[62.570274353027344],"[""Mitte-Rechts""]","[""""]","[""13:06:34""]",[20.85675811767578],18.10.2021 13:06:43,DeutscheBarytIndustrieOwlEye
"""616d5668305600000c003c5d""",18.10.2021 13:11:36,"[""2021-10-18""]",[70.52172088623047],"[""Mitte-Rechts""]","[""""]","[""13:10:44""]",[23.50724220275879],18.10.2021 13:11:36,DeutscheBarytIndustrieOwlEye
"""616d56ed305600000c003c8b""",18.10.2021 13:13:48,"[""2021-10-18""]",[66.70716094970703],"[""Mitte-Rechts""]","[""""]","[""13:13:08""]",[22.235719680786133],18.10.2021 13:13:48,DeutscheBarytIndustrieOwlEye
"""616d5b84305600000c003cb9""",18.10.2021 13:33:24,"[""2021-10-18""]",[70.44779968261719],"[""Mitte-Rechts""]","[""""]","[""13:32:40""]",[23.48259925842285],18.10.2021 13:33:24,DeutscheBarytIndustrieOwlEye
"""616db052305600000c003d03""",18.10.2021 19:35:14,"[""2021-10-18""]",[93.87117767333984],"[""Mitte-Rechts""]","[""""]","[""19:34:42""]",[31.29039192199707],18.10.2021 19:35:14,DeutscheBarytIndustrieOwlEye
"""616db7e2305600000c003d33""",18.10.2021 20:07:30,"[""2021-10-18""]",[66.71543884277344],"[""Mitte-Rechts""]","[""""]","[""20:06:58""]",[22.23847770690918],18.10.2021 20:07:30,DeutscheBarytIndustrieOwlEye
"""616dd24a305600000c003d63""",18.10.2021 22:00:10,"[""2021-10-18""]",[67.44318389892578],"[""Mitte-Rechts""]","[""""]","[""21:59:39""]",[22.481061935424805],18.10.2021 22:00:10,DeutscheBarytIndustrieOwlEye
"""616dd9df305600000c003dab""",18.10.2021 22:32:31,"[""2021-10-18""]",[67.62081909179688],"[""Mitte-Rechts""]","[""""]","[""22:31:50""]",[22.540273666381836],18.10.2021 22:32:31,DeutscheBarytIndustrieOwlEye
"""616de343427600003b0067f9""",18.10.2021 23:12:35,"[""2021-10-18""]",[66.66692352294922],"[""Mitte-Rechts""]","[""""]","[""23:11:50""]",[22.222307205200195],18.10.2021 23:12:35,DeutscheBarytIndustrieOwlEye
"""616deedd427600003b006829""",19.10.2021 00:02:05,"[""2021-10-19""]",[67.12303161621094],"[""Mitte-Rechts""]","[""""]","[""00:01:24""]",[22.374343872070312],19.10.2021 00:02:05,DeutscheBarytIndustrieOwlEye
"""616def90427600003b006859""",19.10.2021 00:05:03,"[""2021-10-19""]",[67.41731262207031],"[""Mitte-Rechts""]","[""""]","[""00:04:24""]",[22.472436904907227],19.10.2021 00:05:03,DeutscheBarytIndustrieOwlEye
"""616df04a427600003b006889""",19.10.2021 00:08:10,"[""2021-10-19""]",[67.07261657714844],"[""Mitte-Rechts""]","[""""]","[""00:07:24""]",[22.3575382232666],19.10.2021 00:08:10,DeutscheBarytIndustrieOwlEye
"""616df0f9427600003b0068b9""",19.10.2021 00:11:05,"[""2021-10-19""]",[66.9006576538086],"[""Mitte-Rechts""]","[""""]","[""00:10:24""]",[22.300220489501953],19.10.2021 00:11:05,DeutscheBarytIndustrieOwlEye
"""616df1ac427600003b0068e9""",19.10.2021 00:14:03,"[""2021-10-19""]",[68.61783599853516],"[""Mitte-Rechts""]","[""""]","[""00:13:24""]",[22.87261199951172],19.10.2021 00:14:03,DeutscheBarytIndustrieOwlEye
"""616df260427600003b006919""",19.10.2021 00:17:03,"[""2021-10-19""]",[68.45333862304688],"[""Mitte-Rechts""]","[""""]","[""00:16:24""]",[22.817779541015625],19.10.2021 00:17:03,DeutscheBarytIndustrieOwlEye
"""616df34c427600003b006949""",19.10.2021 00:20:59,"[""2021-10-19""]",[66.92647552490234],"[""Mitte-Rechts""]","[""""]","[""00:20:16""]",[22.30882453918457],19.10.2021 00:20:59,DeutscheBarytIndustrieOwlEye
"""616df84a427600003b006979""",19.10.2021 00:42:17,"[""2021-10-19""]",[82.3732681274414],"[""Mitte-Rechts""]","[""""]","[""00:41:38""]",[27.4577579498291],19.10.2021 00:42:17,DeutscheBarytIndustrieOwlEye
"""616dfa91427600003b0069a9""",19.10.2021 00:52:01,"[""2021-10-19""]",[89.16687774658203],"[""Mitte-Rechts""]","[""""]","[""00:51:16""]",[29.722291946411133],19.10.2021 00:52:01,DeutscheBarytIndustrieOwlEye
"""616dfaec427600003b0069d9""",19.10.2021 00:53:31,"[""2021-10-19""]",[90.87632751464844],"[""Mitte-Rechts""]","[""""]","[""00:52:46""]",[30.292110443115234],19.10.2021 00:53:31,DeutscheBarytIndustrieOwlEye
"""616dfd40433b000057000665""",19.10.2021 01:03:28,"[""2021-10-19""]",[88.99679565429688],"[""Mitte-Rechts""]","[""""]","[""01:02:45""]",[29.665597915649414],19.10.2021 01:03:28,DeutscheBarytIndustrieOwlEye
"""616e937cd67d000032007f15""",19.10.2021 11:44:28,"[""2021-10-19""]",[90.17816162109375],"[""Mitte-Rechts""]","[""""]","[""11:43:23""]",[30.059385299682617],19.10.2021 11:44:28,DeutscheBarytIndustrieOwlEye
"""616eaeb7d67d000032007f65""",19.10.2021 13:40:39,"[""2021-10-19""]",[65.25595092773438],"[""Mitte-Rechts""]","[""""]","[""13:40:20""]",[21.751983642578125],19.10.2021 13:40:39,DeutscheBarytIndustrieOwlEye
"""616eaedad67d000032007f85""",19.10.2021 13:41:13,"[""2021-10-19""]",[12.755332946777344],"[""Mitte-Rechts""]","[""""]","[""13:40:57""]",[4.251777648925781],19.10.2021 13:41:13,DeutscheBarytIndustrieOwlEye
"""616eb664d67d000032007fb9""",19.10.2021 14:13:24,"[""2021-10-19""]",[63.53520584106445],"[""Mitte-Rechts""]","[""""]","[""14:13:11""]",[21.178401947021484],19.10.2021 14:13:24,DeutscheBarytIndustrieOwlEye
"""616eb699d67d000032007fd5""",19.10.2021 14:14:17,"[""2021-10-19""]",[60.932037353515625],"[""Mitte-Rechts""]","[""""]","[""14:14:01""]",[20.310678482055664],19.10.2021 14:14:17,DeutscheBarytIndustrieOwlEye
"""616eb734d67d000032007fe3""",19.10.2021 14:16:51,"[""2021-10-19""]",[49.0774040222168],"[""Mitte-Rechts""]","[""""]","[""14:16:47""]",[16.359134674072266],19.10.2021 14:16:51,DeutscheBarytIndustrieOwlEye
"""616eb9fed67d000032007ffd""",19.10.2021 14:28:46,"[""2021-10-19""]",[62.067047119140625],"[""Mitte-Rechts""]","[""""]","[""14:28:31""]",[20.689016342163086],19.10.2021 14:28:46,DeutscheBarytIndustrieOwlEye
"""616eba29d67d00003200800b""",19.10.2021 14:29:29,"[""2021-10-19""]",[49.791526794433594],"[""Mitte-Rechts""]","[""""]","[""14:29:25""]",[16.59717559814453],19.10.2021 14:29:29,DeutscheBarytIndustrieOwlEye
"""616eba64d67d000032008017""",19.10.2021 14:30:27,"[""2021-10-19""]",[49.07801055908203],"[""Mitte-Rechts""]","[""""]","[""14:30:23""]",[16.359336853027344],19.10.2021 14:30:27,DeutscheBarytIndustrieOwlEye
"""616eba80d67d000032008023""",19.10.2021 14:30:55,"[""2021-10-19""]",[48.6016731262207],"[""Mitte-Rechts""]","[""""]","[""14:30:51""]",[16.200557708740234],19.10.2021 14:30:55,DeutscheBarytIndustrieOwlEye
"""616eba8ad67d00003200802f""",19.10.2021 14:31:06,"[""2021-10-19""]",[49.70812225341797],"[""Mitte-Rechts""]","[""""]","[""14:31:02""]",[16.569374084472656],19.10.2021 14:31:06,DeutscheBarytIndustrieOwlEye
"""616ebaa4d67d000032008049""",19.10.2021 14:31:32,"[""2021-10-19""]",[61.79351043701172],"[""Mitte-Rechts""]","[""""]","[""14:31:17""]",[20.597837448120117],19.10.2021 14:31:32,DeutscheBarytIndustrieOwlEye
"""616f38e8532f000060001f25""",19.10.2021 23:30:16,"[""2021-10-19""]",[84.87999725341797],"[""Mitte-Rechts""]","[""""]","[""23:29:19""]",[28.293333053588867],19.10.2021 23:30:16,DeutscheBarytIndustrieOwlEye
"""616f3a9e532f000060001f55""",19.10.2021 23:37:33,"[""2021-10-19""]",[83.14300537109375],"[""Mitte-Rechts""]","[""""]","[""23:36:43""]",[27.71433448791504],19.10.2021 23:37:33,DeutscheBarytIndustrieOwlEye
"""616ff954fe4900001900398e""",20.10.2021 13:11:15,"[""2021-10-20""]",[50.08852005004883],"[""Mitte-Rechts""]","[""""]","[""13:10:18""]",[16.6961727142334],20.10.2021 13:11:15,DeutscheBarytIndustrieOwlEye
"""616ffa03fe490000190039be""",20.10.2021 13:14:11,"[""2021-10-20""]",[50.425010681152344],"[""Mitte-Rechts""]","[""""]","[""13:13:18""]",[16.808338165283203],20.10.2021 13:14:11,DeutscheBarytIndustrieOwlEye
"""616ffb8cfe490000190039e6""",20.10.2021 13:20:43,"[""2021-10-20""]",[30.11439323425293],"[""Mitte-Rechts""]","[""""]","[""13:20:29""]",[10.038131713867188],20.10.2021 13:20:43,DeutscheBarytIndustrieOwlEye
"""616ffb9afe490000190039fa""",20.10.2021 13:20:58,"[""2021-10-20""]",[17.003982543945312],"[""Mitte-Rechts""]","[""""]","[""13:20:51""]",[5.667994022369385],20.10.2021 13:20:58,DeutscheBarytIndustrieOwlEye
"""616ffbdbfe49000019003a0e""",20.10.2021 13:22:03,"[""2021-10-20""]",[101.44325256347656],"[""Mitte-Rechts""]","[""""]","[""13:21:48""]",[33.81441879272461],20.10.2021 13:22:03,DeutscheBarytIndustrieOwlEye
"""616ffbfefe49000019003a2c""",20.10.2021 13:22:38,"[""2021-10-20""]",[28.958892822265625],"[""Mitte-Rechts""]","[""""]","[""13:22:19""]",[9.65296459197998],20.10.2021 13:22:38,DeutscheBarytIndustrieOwlEye
"""616ffc24fe49000019003a4c""",20.10.2021 13:23:15,"[""2021-10-20""]",[28.459949493408203],"[""Mitte-Rechts""]","[""""]","[""13:23:02""]",[9.486649513244629],20.10.2021 13:23:15,DeutscheBarytIndustrieOwlEye
"""616ffc36fe49000019003a62""",20.10.2021 13:23:34,"[""2021-10-20""]",[38.219146728515625],"[""Mitte-Rechts""]","[""""]","[""13:23:20""]",[12.739715576171875],20.10.2021 13:23:34,DeutscheBarytIndustrieOwlEye
"""616ffc56fe49000019003a70""",20.10.2021 13:24:06,"[""2021-10-20""]",[6.107541084289551],"[""Mitte-Rechts""]","[""""]","[""13:24:02""]",[2.0358471870422363],20.10.2021 13:24:06,DeutscheBarytIndustrieOwlEye